Tenor,Maturity Date,Amount Offered (Millions),Bids Received (Millions),Total Amount Accepted (Millions),Weighted Average Yield (Annual in %),Weighted Average Price (Per 100),Issue Number,Issue Date,Country,Currency
28 DAYS,2024-09-04,"1,679.65",580.00,580.00,11.29,99.14,957th/24,2024-08-07,Ethiopia,ETB
91 DAYS,2024-11-06,"3,119.35",522.00,522.00,9.863,97.6,957th/24,2024-08-07,Ethiopia,ETB
182 DAYS,2025-02-05,"5,998.75","4,000.00","4,000.00",7.985,96.17,957th/24,2024-08-07,Ethiopia,ETB
364 DAYS,2025-08-06,"13,197.25","1,860.00","1,860.00",10.913,90.19,957th/24,2024-08-07,Ethiopia,ETB
28 DAYS,2024-10-30,739.983,400.000,400.000,13.674,99.0,961st/24,2024-10-02,Ethiopia,ETB
91 DAYS,2025-01-01,"1,374.254",600.000,600.000,11.342,97.25,961st/24,2024-10-02,Ethiopia,ETB
182 DAYS,2025-04-02,"2,642.796",,,,,961st/24,2024-10-02,Ethiopia,ETB
364 DAYS,2025-10-01,"5,814.151","1,738.860","1,738.860",11.142,90.0,961st/24,2024-10-02,Ethiopia,ETB
28 DAYS,2024-11-27,739.983,730.000,730.000,15.166,98.85,963rd/24,2024-10-30,Ethiopia,ETB
91 DAYS,2025-01-29,"1,374.254","1,300.000","1,300.000",11.767,97.15,963rd/24,2024-10-30,Ethiopia,ETB
182 DAYS,2025-04-30,"2,642.796","1,900.000","1,900.000",6.096,97.05,963rd/24,2024-10-30,Ethiopia,ETB
364 DAYS,2025-10-29,"5,814.151",655.000,655.000,13.674,88.0,963rd/24,2024-10-30,Ethiopia,ETB
28 DAYS,2024-12-11,"1,203.825","1,830.000","1,830.000",15.658,98.81,964th/24,2024-11-13,Ethiopia,ETB
91 DAYS,2025-02-12,"2,235.675","3,180.000","3,180.000",15.093,96.374,964th/24,2024-11-13,Ethiopia,ETB
182 DAYS,2025-05-14,"7,799.375","5,150.000","5,150.000",12.801,94.0,964th/24,2024-11-13,Ethiopia,ETB
364 DAYS,2025-11-12,"10,458.625","3,033.000","3,033.000",14.325,87.5,964th/24,2024-11-13,Ethiopia,ETB
28 DAYS,2024-12-25,"1,203.825",910.000,910.000,15.833,98.8,965th/24,2024-11-27,Ethiopia,ETB
91 DAYS,2025-02-26,"2,235.675","1,280.000","1,280.000",13.527,96.74,965th/24,2024-11-27,Ethiopia,ETB
182 DAYS,2025-05-28,"4,299.375","2,208.000","2,208.000",13.469,93.71,965th/24,2024-11-27,Ethiopia,ETB
364 DAYS,2025-11-26,"9,458.625",180.000,180.000,14.588,87.3,965th/24,2024-11-27,Ethiopia,ETB
28 DAYS,2025-01-08,"1,118.977",400.000,400.000,15.833,98.8,966th/24,2024-12-11,Ethiopia,ETB
91 DAYS,2025-03-12,"2,078.100",400.000,400.000,16.495,96.05,966th/24,2024-12-11,Ethiopia,ETB
182 DAYS,2025-06-11,"3,996.346",400.000,400.000,15.095,93.0,966th/24,2024-12-11,Ethiopia,ETB
364 DAYS,2025-12-10,"14,791.962","6,437.000","6,437.000",14.588,87.3,966th/24,2024-12-11,Ethiopia,ETB
28 DAYS,2025-01-22,"1,118.977",630.000,630.000,15.833,98.8,967th/24,2024-12-25,Ethiopia,ETB
91 DAYS,2025-03-26,"2,078.100","1,092.000","1,092.000",14.474,96.52,967th/24,2024-12-25,Ethiopia,ETB
182 DAYS,2025-06-25,"3,996.346",,,,,967th/24,2024-12-25,Ethiopia,ETB
364 DAYS,2025-12-24,"14,791.962","8,103.200","8,103.200",15.874,86.33,967th/24,2024-12-25,Ethiopia,ETB
28 DAYS,2025-02-05,765.240,640.000,640.000,15.833,98.8,968th/25,2025-01-08,Ethiopia,ETB
91 DAYS,2025-04-09,"1,421.160","6,820.000","6,820.000",14.793,96.44,968th/25,2025-01-08,Ethiopia,ETB
182 DAYS,2025-07-09,"2,733.000","6,200.000","6,200.000",15.024,93.03,968th/25,2025-01-08,Ethiopia,ETB
364 DAYS,2026-01-07,"12,012.600","9,238.065","9,238.065",16.097,86.17,968th/25,2025-01-08,Ethiopia,ETB
28 DAYS,2025-02-19,765.240,"2,515.240","2,515.240",15.873,98.8,969th/25,2025-01-22,Ethiopia,ETB
91 DAYS,2025-04-23,"1,421.160","3,300.000","3,300.000",15.334,96.32,969th/25,2025-01-22,Ethiopia,ETB
182 DAYS,2025-07-23,"2,733.000","3,300.000","3,300.000",14.419,93.29,969th/25,2025-01-22,Ethiopia,ETB
364 DAYS,2026-01-21,"12,012.600","10,960.000","10,960.000",15.737,86.43,969th/25,2025-01-22,Ethiopia,ETB
28 DAYS,2025-03-05,967.260,"1,138.260","1,138.260",16.1,98.78,970th/25,2025-02-05,Ethiopia,ETB
91 DAYS,2025-05-07,"1,796.340","1,958.340","1,958.340",13.922,96.65,970th/25,2025-02-05,Ethiopia,ETB
182 DAYS,2025-08-06,"7,454.500","5,750.000","5,750.000",13.942,93.5,970th/25,2025-02-05,Ethiopia,ETB
364 DAYS,2026-02-04,"16,899.900","9,400.000","9,400.000",17.696,85.0,970th/25,2025-02-05,Ethiopia,ETB
28 DAYS,2025-03-19,967.260,"3,308.695","2,341.435",16.381,98.76,971st/25,2025-02-19,Ethiopia,ETB
91 DAYS,2025-05-21,"1,796.340","4,996.340","4,996.340",16.479,96.05,971st/25,2025-02-19,Ethiopia,ETB
182 DAYS,2025-08-20,"8,454.500","7,850.000","7,850.000",15.594,92.79,971st/25,2025-02-19,Ethiopia,ETB
364 DAYS,2026-02-18,"17,599.900","11,287.310","11,287.310",17.696,85.0,971st/25,2025-02-19,Ethiopia,ETB
28 DAYS,2025-04-02,876.050,"2,041.050","2,041.050",16.255,98.77,972nd/25,2025-03-05,Ethiopia,ETB
91 DAYS,2025-06-04,"1,626.950","3,152.000","3,152.000",16.645,96.02,972nd/25,2025-03-05,Ethiopia,ETB
182 DAYS,2025-09-03,"12,728.750","11,600.000","11,600.000",15.531,92.81,972nd/25,2025-03-05,Ethiopia,ETB
364 DAYS,2026-03-04,"11,883.250","5,400.000","5,400.000",18.044,84.75,972nd/25,2025-03-05,Ethiopia,ETB
28 DAYS,2025-04-16,876.050,"1,476.050","1,476.050",17.104,98.7,973rd/25,2025-03-19,Ethiopia,ETB
91 DAYS,2025-06-18,"1,626.950","2,626.950","2,626.950",17.679,95.78,973rd/25,2025-03-19,Ethiopia,ETB
182 DAYS,2025-09-17,"3,128.750","2,564.375","2,564.375",18.233,91.67,973rd/25,2025-03-19,Ethiopia,ETB
364 DAYS,2026-03-18,"6,883.250","1,040.000","1,040.000",20.398,83.1,973rd/25,2025-03-19,Ethiopia,ETB
28 DAYS,2025-04-30,960.775,"3,251.550","3,251.550",15.475,98.83,975th/25,2025-04-16,Ethiopia,ETB
91 DAYS,2025-07-02,"1,783.000","5,883.000","5,883.000",15.874,96.19,975th/25,2025-04-16,Ethiopia,ETB
182 DAYS,2025-10-01,"3,428.090","3,968.000","3,968.000",15.593,92.79,975th/25,2025-04-16,Ethiopia,ETB
364 DAYS,2026-04-01,"7,540.500",300.000,300.000,20.538,83.0,975th/25,2025-04-16,Ethiopia,ETB
28 DAYS,2025-05-28,960.775,"6,241.550","6,241.550",15.61,98.82,976th/25,2025-04-30,Ethiopia,ETB
91 DAYS,2025-07-30,"1,783.000","18,650.000","18,650.000",16.676,96.01,976th/25,2025-04-30,Ethiopia,ETB
182 DAYS,2025-10-29,"3,428.090","7,912.000","7,912.000",16.874,92.24,976th/25,2025-04-30,Ethiopia,ETB
364 DAYS,2026-04-29,"7,540.500",300.000,300.000,20.538,83.0,976th/25,2025-04-30,Ethiopia,ETB
28 DAYS,2025-06-11,"1,734.460","6,768.460","6,768.460",15.771,98.8,977th/25,2025-05-14,Ethiopia,ETB
91 DAYS,2025-08-13,"3,221.140","13,732.000","13,732.000",15.475,96.29,977th/25,2025-05-14,Ethiopia,ETB
182 DAYS,2025-11-12,"6,194.500","8,650.000","8,650.000",13.912,93.51,977th/25,2025-05-14,Ethiopia,ETB
364 DAYS,2026-05-13,"13,627.900","1,000.000","1,000.000",13.03,88.5,977th/25,2025-05-14,Ethiopia,ETB
28 DAYS,2025-06-25,"1,734.460","5,368.460","5,368.460",15.878,98.8,978th/25,2025-05-28,Ethiopia,ETB
91 DAYS,2025-08-27,"3,221.140","9,645.000","9,645.000",16.738,95.99,978th/25,2025-05-28,Ethiopia,ETB
182 DAYS,2025-11-26,"6,194.500","3,240.000","3,240.000",15.929,92.64,978th/25,2025-05-28,Ethiopia,ETB
364 DAYS,2026-05-27,"13,627.900","2,500.000","2,500.000",17.696,85.0,978th/25,2025-05-28,Ethiopia,ETB
28 DAYS,2025-07-09,"1,461.160","4,832.160","4,832.160",16.19,98.77,979th/25,2025-06-11,Ethiopia,ETB
91 DAYS,2025-09-10,"2,713.580","8,233.000","8,233.000",17.405,95.84,979th/25,2025-06-11,Ethiopia,ETB
182 DAYS,2025-12-10,"5,218.430","3,114.000","3,114.000",17.467,91.99,979th/25,2025-06-11,Ethiopia,ETB
364 DAYS,2026-06-10,"11,480.540",650.000,650.000,17.058,85.46,979th/25,2025-06-11,Ethiopia,ETB
28 DAYS,2025-07-23,"1,461.160","3,982.160","1,941.000",14.756,98.88,980th/25,2025-06-25,Ethiopia,ETB
91 DAYS,2025-09-24,"2,713.580","21,563.000","21,563.000",17.879,95.73,980th/25,2025-06-25,Ethiopia,ETB
182 DAYS,2025-12-24,"5,218.430","11,033.705","11,033.705",19.152,91.28,980th/25,2025-06-25,Ethiopia,ETB
364 DAYS,2026-06-24,"11,480.540","5,250.000","4,650.000",20.133,83.28,980th/25,2025-06-25,Ethiopia,ETB
28 DAYS,2025-08-20,221.690,"10,448.300",221.690,13.966,98.94,982th/25,2025-07-23,Ethiopia,ETB
91 DAYS,2025-10-22,"3,225.395","15,900.000","3,225.395",14.407,96.533,982th/25,2025-07-23,Ethiopia,ETB
182 DAYS,2026-01-21,"4,533.865","3,200.000","3,200.000",16.641,92.34,982th/25,2025-07-23,Ethiopia,ETB
364 DAYS,2026-07-22,"3,103.700","1,800.000","1,800.000",14.984,87.0,982th/25,2025-07-23,Ethiopia,ETB
28 DAYS,2025-09-03,772.115,"3,131.340",772.115,13.745,98.957,983rd/25,2025-08-06,Ethiopia,ETB
91 DAYS,2025-11-05,"11,581.790","17,650.000","11,581.790",15.563,96.265,983rd/25,2025-08-06,Ethiopia,ETB
182 DAYS,2026-02-04,"19,442.385","15,521.660","15,521.660",16.539,92.38,983rd/25,2025-08-06,Ethiopia,ETB
364 DAYS,2026-08-05,"10,809.680","2,200.000","2,200.000",14.984,87.0,983rd/25,2025-08-06,Ethiopia,ETB
28 DAYS,2025-09-17,294.705,"1,039.410",294.705,13.833,98.95,984th/25,2025-08-20,Ethiopia,ETB
91 DAYS,2025-11-19,"4,420.630","16,388.260","4,420.630",14.398,96.535,984th/25,2025-08-20,Ethiopia,ETB
182 DAYS,2026-02-18,"10,894.185","20,494.685","10,894.185",14.93,93.071,984th/25,2025-08-20,Ethiopia,ETB
364 DAYS,2026-08-19,"4,125.920","4,000.000","4,000.000",17.453,85.18,984th/25,2025-08-20,Ethiopia,ETB
28 DAYS,2025-10-03,503.060,"1,703.060",503.060,13.0,99.013,985th/25,2025-09-03,Ethiopia,ETB
91 DAYS,2025-12-05,"7,545.950","17,479.950","7,545.950",14.358,96.544,985th/25,2025-09-03,Ethiopia,ETB
182 DAYS,2026-03-06,"19,661.260","19,729.000","19,661.260",15.66,92.757,985th/25,2025-09-03,Ethiopia,ETB
364 DAYS,2026-09-04,"7,042.880","5,200.000","5,200.000",17.507,85.136,985th/25,2025-09-03,Ethiopia,ETB
28 DAYS,2025-10-16,563.895,"1,663.895",563.895,12.608,99.042,986th/25,2025-09-17,Ethiopia,ETB
91 DAYS,2025-12-18,"8,458.470","8,884.000","8,458.470",15.254,96.336,986th/25,2025-09-17,Ethiopia,ETB
182 DAYS,2026-03-19,"11,277.975","11,202.000","11,202.000",15.354,92.888,986th/25,2025-09-17,Ethiopia,ETB
364 DAYS,2026-09-17,"7,894.570",200.000,200.000,20.0,83.371,986th/25,2025-09-17,Ethiopia,ETB
28 DAYS,2025-11-13,"3,221.955","8,206.965","3,221.955",12.872,99.022,988th/25,2025-10-15,Ethiopia,ETB
91 DAYS,2026-01-15,"11,276.850","26,101.510","11,276.850",14.767,96.449,988th/25,2025-10-15,Ethiopia,ETB
182 DAYS,2026-04-16,"12,887.840","17,848.215","13,584.765",15.768,92.711,988th/25,2025-10-15,Ethiopia,ETB
364 DAYS,2026-10-15,"4,832.935","4,136.010","4,136.010",16.596,85.8,988th/25,2025-10-15,Ethiopia,ETB
28 DAYS,2025-11-27,"3,221.955","5,530.090","3,221.955",13.909,98.944,989th/25,2025-10-29,Ethiopia,ETB
91 DAYS,2026-01-29,"11,276.890","21,531.525","11,276.890",14.728,96.458,989th/25,2025-10-29,Ethiopia,ETB
182 DAYS,2026-04-30,"12,887.835","18,475.740","16,117.955",15.729,92.728,989th/25,2025-10-29,Ethiopia,ETB
364 DAYS,2026-10-29,"4,832.930","1,602.810","1,602.810",14.989,86.996,989th/25,2025-10-29,Ethiopia,ETB
28 DAYS,2025-12-11,"3,250.555","8,159.510","3,250.555",14.343,98.912,990th/25,2025-11-12,Ethiopia,ETB
91 DAYS,2026-02-12,"11,376.960","12,307.750","11,376.960",15.513,96.277,990th/25,2025-11-12,Ethiopia,ETB
182 DAYS,2026-05-14,"13,002.240","15,108.465","16,502.240",15.579,92.792,990th/25,2025-11-12,Ethiopia,ETB
364 DAYS,2026-11-12,"4,875.835","8,537.245","5,875.835",18.065,84.735,990th/25,2025-11-12,Ethiopia,ETB
28 DAYS,2025-12-25,"3,250.560","9,102.910","3,250.560",14.115,98.929,991th/25,2025-11-26,Ethiopia,ETB
91 DAYS,2026-02-26,"11,376.970","27,318.055","11,376.970",16.965,95.942,991th/25,2025-11-26,Ethiopia,ETB
182 DAYS,2026-05-28,"13,002.230","19,407.160","13,002.230",16.291,92.487,991th/25,2025-11-26,Ethiopia,ETB
364 DAYS,2026-11-26,"4,875.830","8,203.820","4,875.830",17.905,84.85,991th/25,2025-11-26,Ethiopia,ETB
28 DAYS,2026-01-08,"3,945.560","13,400.235","3,945.560",13.869,98.947,992nd/25,2025-12-10,Ethiopia,ETB
91 DAYS,2026-03-12,"13,809.450","34,190.475","13,809.450",17.069,95.918,992nd/25,2025-12-10,Ethiopia,ETB
182 DAYS,2026-06-11,"15,782.225","20,563.300","15,782.225",16.62,92.347,992nd/25,2025-12-10,Ethiopia,ETB
364 DAYS,2026-12-10,"11,918.330","14,526.210","11,918.330",18.072,84.729,992nd/25,2025-12-10,Ethiopia,ETB
28 DAYS,2026-01-22,"3,945.555","15,879.260","3,945.555",13.633,98.965,993rd/25,2025-12-24,Ethiopia,ETB
91 DAYS,2026-03-26,"13,809.460","44,969.460","13,809.460",16.152,96.129,993rd/25,2025-12-24,Ethiopia,ETB
182 DAYS,2026-06-25,"15,782.225","24,985.855","15,782.225",16.567,92.369,993rd/25,2025-12-24,Ethiopia,ETB
364 DAYS,2026-12-24,"11,918.325","15,175.825","11,918.325",17.78,84.94,993rd/25,2025-12-24,Ethiopia,ETB
28 DAYS,2026-02-05,"3,817.430","12,649.250","3,817.430",12.357,99.061,994th/26,2026-01-08,Ethiopia,ETB
91 DAYS,2026-04-09,"13,634.860","27,806.885","13,634.860",15.513,96.276,994th/26,2026-01-08,Ethiopia,ETB
182 DAYS,2026-07-09,"18,269.725","27,562.850","18,269.725",16.291,92.487,994th/26,2026-01-08,Ethiopia,ETB
364 DAYS,2027-01-07,"18,452.300","23,340.870","18,452.300",17.517,85.129,994th/26,2026-01-08,Ethiopia,ETB
28 DAYS,2026-02-19,"4,333.455","14,751.620","4,333.455",12.0,99.088,995th/26,2026-01-21,Ethiopia,ETB
91 DAYS,2026-04-23,"14,666.915","27,979.595","14,666.915",13.193,96.816,995th/26,2026-01-21,Ethiopia,ETB
182 DAYS,2026-07-23,"20,333.895","35,597.325","21,250.435",14.649,93.193,995th/26,2026-01-21,Ethiopia,ETB
364 DAYS,2027-01-21,"20,000.330","13,083.790","19,083.790",17.072,85.451,995th/26,2026-01-21,Ethiopia,ETB
28 DAYS,2026-03-05,"3,960.250","9,000.115","3,960.250",11.641,99.115,996th/26,2026-02-04,Ethiopia,ETB
91 DAYS,2026-05-07,"12,920.500","38,012.140","12,920.500",12.326,97.019,996th/26,2026-02-04,Ethiopia,ETB
182 DAYS,2026-08-06,"22,841.005","49,202.070","22,841.005",14.482,93.265,996th/26,2026-02-04,Ethiopia,ETB
364 DAYS,2027-02-04,"23,180.765","39,584.620","23,180.765",15.685,86.474,996th/26,2026-02-04,Ethiopia,ETB
28 DAYS,2026-03-19,"3,466.790","4,683.315","3,466.790",11.059,99.159,997th/26,2026-02-18,Ethiopia,ETB
91 DAYS,2026-05-21,"11,933.585","18,243.810","15,683.025",12.507,96.976,997th/26,2026-02-18,Ethiopia,ETB
182 DAYS,2026-08-20,"21,867.170","20,862.140","20,862.140",14.548,93.236,997th/26,2026-02-18,Ethiopia,ETB
364 DAYS,2027-02-18,"22,400.380","19,655.970","19,655.970",15.51,86.605,997th/26,2026-02-18,Ethiopia,ETB
28 DAYS,2026-04-02,"3,816.810","4,849.710","3,816.810",12.84,99.025,998th/26,2026-03-04,Ethiopia,ETB
91 DAYS,2026-06-04,"12,633.620","17,248.415","12,633.620",14.698,96.465,998th/26,2026-03-04,Ethiopia,ETB
182 DAYS,2026-09-03,"27,867.240","16,704.585","16,704.585",14.749,93.15,998th/26,2026-03-04,Ethiopia,ETB
364 DAYS,2027-03-04,"18,450.440","10,224.400","10,224.400",15.394,86.692,998th/26,2026-03-04,Ethiopia,ETB
28 DAYS,2026-04-16,"3,433.720","4,983.470","3,433.720",11.527,99.124,999th/26,2026-03-18,Ethiopia,ETB
91 DAYS,2026-06-18,"11,867.440","19,261.705","19,261.705",15.124,96.367,999th/26,2026-03-18,Ethiopia,ETB
182 DAYS,2026-09-17,"16,734.880","8,762.405","8,762.405",14.766,93.142,999th/26,2026-03-18,Ethiopia,ETB
364 DAYS,2027-03-18,"12,301.170","10,436.100","10,436.100",16.284,86.029,999th/26,2026-03-18,Ethiopia,ETB
28 DAYS,2026-04-30,"2,985.580","8,525.260","2,985.580",11.638,99.115,1000th/26,2026-04-01,Ethiopia,ETB
91 DAYS,2026-07-02,"5,971.170","21,001.270","5,971.170",14.369,96.542,1000th/26,2026-04-01,Ethiopia,ETB
182 DAYS,2026-10-01,"11,942.340","22,137.275","11,942.340",14.929,93.072,1000th/26,2026-04-01,Ethiopia,ETB
364 DAYS,2027-04-01,"13,456.755","17,898.745","13,456.755",15.11,86.905,1000th/26,2026-04-01,Ethiopia,ETB
28 DAYS,2026-05-14,"3,524.340","8,564.370","3,524.340",11.475,99.127,1001st/26,2026-04-15,Ethiopia,ETB
91 DAYS,2026-07-16,"7,048.680","21,011.675","7,048.680",13.195,96.815,1001st/26,2026-04-15,Ethiopia,ETB
182 DAYS,2026-10-15,"14,097.365","19,914.710","14,097.365",15.279,92.921,1001st/26,2026-04-15,Ethiopia,ETB
364 DAYS,2027-04-15,"10,573.020","11,189.865","10,573.020",15.765,86.414,1001st/26,2026-04-15,Ethiopia,ETB
28 DAYS,2026-05-28,"3,712.925","12,932.355","3,712.925",11.0,99.163,1002nd/26,2026-04-29,Ethiopia,ETB
91 DAYS,2026-07-30,"7,425.850","23,211.630","7,425.850",12.235,97.04,1002nd/26,2026-04-29,Ethiopia,ETB
182 DAYS,2026-10-29,"14,851.700","25,809.345","14,851.700",14.218,93.38,1002nd/26,2026-04-29,Ethiopia,ETB
364 DAYS,2027-04-29,"11,138.775","13,444.260","11,138.775",15.489,86.62,1002nd/26,2026-04-29,Ethiopia,ETB
28 DAYS,2026-06-11,"4,185.020","14,901.080","4,185.020",10.01,99.238,1003rd/26,2026-05-13,Ethiopia,ETB
91 DAYS,2026-08-13,"8,370.040","24,501.895","8,370.040",11.435,97.228,1003rd/26,2026-05-13,Ethiopia,ETB
182 DAYS,2026-11-12,"20,240.085","27,827.455","20,240.085",13.977,93.485,1003rd/26,2026-05-13,Ethiopia,ETB
364 DAYS,2027-05-13,"12,555.065","11,994.285","11,994.285",15.433,86.662,1003rd/26,2026-05-13,Ethiopia,ETB
28 DAYS,2026-06-26,"1,672.560","5,559.135","1,672.560",9.5,99.277,1004th/26,2026-05-28,Ethiopia,ETB
91 DAYS,2026-08-28,"4,181.400","15,500.940","4,181.400",10.617,97.421,1004th/26,2026-05-28,Ethiopia,ETB
182 DAYS,2026-11-27,"5,853.960","22,530.005","5,853.960",12.753,94.021,1004th/26,2026-05-28,Ethiopia,ETB
364 DAYS,2027-05-28,"5,017.680","14,777.300","5,017.680",14.721,87.199,1004th/26,2026-05-28,Ethiopia,ETB
28 DAYS,2026-07-09,"3,293.850","7,131.025","3,293.850",8.529,99.35,1005th/26,2026-06-10,Ethiopia,ETB
91 DAYS,2026-09-10,"8,234.625","19,024.440","8,234.625",9.859,97.601,1005th/26,2026-06-10,Ethiopia,ETB
182 DAYS,2026-12-10,"9,881.550","21,398.780","9,881.550",12.461,94.15,1005th/26,2026-06-10,Ethiopia,ETB
364 DAYS,2027-06-10,"11,528.471","20,667.395","11,528.470",14.819,87.125,1005th/26,2026-06-10,Ethiopia,ETB
28 DAYS,2026-07-23,"2,809.350","10,477.230","2,809.350",7.078,99.46,1006th/26,2026-06-24,Ethiopia,ETB
91 DAYS,2026-09-24,"7,023.375","32,505.150","7,023.375",9.016,97.802,1006th/26,2026-06-24,Ethiopia,ETB
182 DAYS,2026-12-24,"8,428.050","30,273.830","8,428.050",11.853,94.42,1006th/26,2026-06-24,Ethiopia,ETB
364 DAYS,2027-06-24,"9,832.725","23,503.005","9,832.725",14.719,87.2,1006th/26,2026-06-24,Ethiopia,ETB
28 DAYS,2026-08-06,"3,293.850","9,796.850","3,293.850",6.932,99.471,1007th/26,2026-07-08,Ethiopia,ETB
91 DAYS,2026-10-08,"7,048.680","25,512.515","7,048.680",8.34,97.963,1007th/26,2026-07-08,Ethiopia,ETB
182 DAYS,2027-01-07,"18,269.725","46,753.505","18,269.725",9.516,95.47,1007th/26,2026-07-08,Ethiopia,ETB
364 DAYS,2027-07-08,"2,100.000","6,750.410","2,100.000",12.394,89.0,1007th/26,2026-07-08,Ethiopia,ETB
28 DAYS,2026-08-20,"3,328.565","13,508.445","3,328.565",5.502,99.58,1008th/26,2026-07-22,Ethiopia,ETB
91 DAYS,2026-10-22,"6,657.125","30,915.040","6,657.125",7.659,98.126,1008th/26,2026-07-22,Ethiopia,ETB
182 DAYS,2027-01-21,"9,985.690","34,640.375","9,985.690",8.806,95.794,1008th/26,2026-07-22,Ethiopia,ETB
364 DAYS,2027-07-22,"13,314.255","40,337.705","13,314.255",11.142,90.0,1008th/26,2026-07-22,Ethiopia,ETB
28 DAYS,2026-09-03,"3,999.875","15,048.160","3,999.875",4.887,99.627,1009th/26,2026-08-05,Ethiopia,ETB
91 DAYS,2026-11-05,"7,999.750","24,724.760","7,999.750",5.53,98.64,1009th/26,2026-08-05,Ethiopia,ETB
182 DAYS,2027-02-04,"11,999.625","32,788.635","15,999.625",6.997,96.629,1009th/26,2026-08-05,Ethiopia,ETB
364 DAYS,2027-08-05,"15,999.500","43,708.855","15,999.500",9.996,90.935,1009th/26,2026-08-05,Ethiopia,ETB
28 DAYS,2026-09-17,"3,185.290","18,741.160","3,185.290",3.516,99.731,1010th/26,2026-08-19,Ethiopia,ETB
91 DAYS,2026-11-19,"6,370.580","30,282.320","6,370.580",4.564,98.875,1010th/26,2026-08-19,Ethiopia,ETB
182 DAYS,2027-02-18,"14,555.865","42,167.595","14,555.865",5.671,97.25,1010th/26,2026-08-19,Ethiopia,ETB
364 DAYS,2027-08-19,"12,741.155","41,638.330","12,741.155",8.72,92.0,1010th/26,2026-08-19,Ethiopia,ETB
91 DAYS,2026-11-23,8000.0,37674.42,32439.12,8.77,97.8603,2696/091,2026-08-24,Kenya,Kshs
182 DAYS,2027-02-22,10000.0,18571.64,9748.21,8.948,95.7288,2670/182,2026-08-24,Kenya,Kshs
364 DAYS,2027-08-23,10000.0,15405.95,15405.95,9.0356,91.734,2625/364,2026-08-24,Kenya,Kshs
Tenor,Maturity Date,Amount Offered (Millions),Bids Received (Millions),Total Amount Accepted (Millions),Weighted Average Yield (Annual in %),Weighted Average Price (Per 100),Issue Number,Issue Date,Country,Currency
91 DAYS,2024-08-19,4000.0,13014.02,12760.72,15.937,96.1785,2578/091,2024-05-20,Kenya,Kshs
182 DAYS,2024-11-18,10000.0,18043.66,17810.73,16.5176,92.3906,2551/182,2024-05-20,Kenya,Kshs
364 DAYS,2025-05-19,10000.0,15682.86,15505.49,16.5295,85.8485,2505/364,2024-05-20,Kenya,Kshs
Tenor,Maturity Date,Amount Offered (Millions),Bids Received (Millions),Total Amount Accepted (Millions),Weighted Average Yield (Annual in %),Weighted Average Price (Per 100),Issue Number,Issue Date,Country,Currency
91 DAYS,2026-11-16,8000.0,18236.31,16364.21,8.7734,97.8595,2695/091,2026-08-24,Kenya,Kshs
182 DAYS,2027-02-15,10000.0,8993.35,7092.67,8.95,95.7279,2669/182,2026-08-24,Kenya,Kshs
364 DAYS,2027-08-16,10000.0,13560.93,13560.93,9.0365,91.7332,2624/364,2026-08-24,Kenya,Kshs
Tenor,Maturity Date,Amount Offered (Millions),Bids Received (Millions),Total Amount Accepted (Millions),Weighted Average Yield (Annual in %),Weighted Average Price (Per 100),Issue Number,Issue Date,Country,Currency
91 DAYS,2026-11-02,8000.0,14403.22,14330.17,8.7882,97.8559,2693/091,2026-08-03,Kenya,Kshs
182 DAYS,2027-02-01,10000.0,8171.64,8171.64,8.9545,95.7259,2667/182,2026-08-03,Kenya,Kshs
364 DAYS,2027-08-02,10000.0,4792.57,4784.06,9.0169,91.7497,2622/364,2026-08-03,Kenya,Kshs
Tenor,Maturity Date,Amount Offered (Millions),Bids Received (Millions),Total Amount Accepted (Millions),Weighted Average Yield (Annual in %),Weighted Average Price (Per 100),Issue Number,Issue Date,Country,Currency
91 DAYS,2026-03-02,4000.0,17943.16,17938.26,7.7789,98.0975,2658/091,2025-12-01,Kenya,Kshs
182 DAYS,2026-06-01,10000.0,515.21,515.21,7.8,96.2563,2632/182,2025-12-01,Kenya,Kshs
364 DAYS,2026-11-30,10000.0,26354.15,26350.23,9.3759,91.4493,2587/364,2025-12-01,Kenya,Kshs
Tenor,Maturity Date,Amount Offered (Millions),Bids Received (Millions),Total Amount Accepted (Millions),Weighted Average Yield (Annual in %),Weighted Average Price (Per 100),Issue Number,Issue Date,Country,Currency
91 DAYS,2024-11-25,4000.0,7911.73,7786.83,15.794,96.2115,2592/091,2024-08-26,Kenya,Kshs
182 DAYS,2025-02-24,10000.0,5760.01,3840.0,16.6686,92.3263,2565/182,2024-08-26,Kenya,Kshs
364 DAYS,2025-08-25,10000.0,5498.14,5492.24,16.8592,85.6069,2519/364,2024-08-26,Kenya,Kshs
Tenor,Maturity Date,Amount Offered (Millions),Bids Received (Millions),Total Amount Accepted (Millions),Weighted Average Yield (Annual in %),Weighted Average Price (Per 100),Issue Number,Issue Date,Country,Currency
91 DAYS,2025-06-30,4000.0,2790.24,2704.14,8.7907,97.8553,2623/091,2025-03-31,Kenya,Kshs
182 DAYS,2025-09-29,10000.0,1706.31,1701.35,9.0583,95.6785,2597/182,2025-03-31,Kenya,Kshs
364 DAYS,2026-03-30,10000.0,10249.39,10104.04,10.4117,90.5935,2551/364,2025-03-31,Kenya,Kshs
Tenor,Maturity Date,Amount Offered (Millions),Bids Received (Millions),Total Amount Accepted (Millions),Weighted Average Yield (Annual in %),Weighted Average Price (Per 100),Issue Number,Issue Date,Country,Currency
91 DAYS,2026-04-13,4000.0,4340.08,4316.54,7.7277,98.1098,2664/091,2026-01-12,Kenya,Kshs
182 DAYS,2026-07-13,10000.0,9605.47,9605.47,7.8,96.2563,2638/182,2026-01-12,Kenya,Kshs
364 DAYS,2027-01-11,10000.0,17321.17,12236.49,9.2045,91.5925,2593/364,2026-01-12,Kenya,Kshs
Tenor,Maturity Date,Amount Offered (Millions),Bids Received (Millions),Total Amount Accepted (Millions),Weighted Average Yield (Annual in %),Weighted Average Price (Per 100),Issue Number,Issue Date,Country,Currency
91 DAYS,2025-03-31,4000.0,2242.28,2208.47,9.8946,97.5925,2610/091,2024-12-30,Kenya,Kshs
182 DAYS,2025-06-30,10000.0,435.3,435.3,10.0216,95.2408,2583/182,2024-12-30,Kenya,Kshs
364 DAYS,2025-12-29,10000.0,2189.12,2189.12,11.4095,89.7842,2538/364,2024-12-30,Kenya,Kshs
Tenor,Maturity Date,Amount Offered (Millions),Bids Received (Millions),Total Amount Accepted (Millions),Weighted Average Yield (Annual in %),Weighted Average Price (Per 100),Issue Number,Issue Date,Country,Currency
91 DAYS,2024-11-04,4000.0,14859.22,13597.0,15.9884,96.1667,2589/091,2024-08-05,Kenya,Kshs
182 DAYS,2025-02-03,10000.0,8470.42,8470.41,16.8502,92.2492,2562/182,2024-08-05,Kenya,Kshs
364 DAYS,2025-08-04,10000.0,1075.5,943.75,16.9206,85.562,2516/364,2024-08-05,Kenya,Kshs
Tenor,Maturity Date,Amount Offered (Millions),Bids Received (Millions),Total Amount Accepted (Millions),Weighted Average Yield (Annual in %),Weighted Average Price (Per 100),Issue Number,Issue Date,Country,Currency
91 DAYS,2025-11-24,4000.0,7773.05,7686.68,8.0,98.0445,2644/091,2025-08-25,Kenya,Kshs
182 DAYS,2026-02-23,10000.0,12080.44,9202.42,8.0706,96.1314,2618/182,2025-08-25,Kenya,Kshs
364 DAYS,2026-08-24,10000.0,7388.29,7377.56,9.5734,91.2849,2572/364,2025-08-25,Kenya,Kshs
Tenor,Maturity Date,Amount Offered (Millions),Bids Received (Millions),Total Amount Accepted (Millions),Weighted Average Yield (Annual in %),Weighted Average Price (Per 100),Issue Number,Issue Date,Country,Currency
91 DAYS,2026-05-04,4000.0,6351.83,6351.83,7.6326,98.1326,2667/091,2026-02-02,Kenya,Kshs
182 DAYS,2026-08-03,10000.0,2278.7,2251.2,7.8,96.2563,2641/182,2026-02-02,Kenya,Kshs
364 DAYS,2027-02-01,10000.0,38580.81,38573.56,9.2066,91.5907,2596/364,2026-02-02,Kenya,Kshs
Tenor,Maturity Date,Amount Offered (Millions),Bids Received (Millions),Total Amount Accepted (Millions),Weighted Average Yield (Annual in %),Weighted Average Price (Per 100),Issue Number,Issue Date,Country,Currency
91 DAYS,2026-08-31,4000.0,14093.44,14081.7,8.3884,97.9515,2684/091,2026-06-01,Kenya,Kshs
182 DAYS,2026-11-30,10000.0,1049.48,1049.48,8.25,96.0488,2658/182,2026-06-01,Kenya,Kshs
364 DAYS,2027-05-31,10000.0,1494.84,1490.29,8.6266,92.0785,2613/364,2026-06-01,Kenya,Kshs
Tenor,Maturity Date,Amount Offered (Millions),Bids Received (Millions),Total Amount Accepted (Millions),Weighted Average Yield (Annual in %),Weighted Average Price (Per 100),Issue Number,Issue Date,Country,Currency
91 DAYS,2026-04-06,4000.0,6327.87,6327.87,7.7286,98.1096,2663/091,2026-01-05,Kenya,Kshs
182 DAYS,2026-07-06,10000.0,11290.24,11290.24,7.8,96.2563,2637/182,2026-01-05,Kenya,Kshs
364 DAYS,2027-01-04,10000.0,8299.7,8291.31,9.2095,91.5883,2592/364,2026-01-05,Kenya,Kshs
Tenor,Maturity Date,Amount Offered (Millions),Bids Received (Millions),Total Amount Accepted (Millions),Weighted Average Yield (Annual in %),Weighted Average Price (Per 100),Issue Number,Issue Date,Country,Currency
91 DAYS,2025-06-16,4000.0,7525.94,4963.59,8.918,97.825,2621/091,2025-03-17,Kenya,Kshs
182 DAYS,2025-09-15,10000.0,9804.19,9797.84,9.1149,95.6526,2595/182,2025-03-17,Kenya,Kshs
364 DAYS,2026-03-16,10000.0,18477.16,12109.34,10.4736,90.5429,2549/364,2025-03-17,Kenya,Kshs
Tenor,Maturity Date,Amount Offered (Millions),Bids Received (Millions),Total Amount Accepted (Millions),Weighted Average Yield (Annual in %),Weighted Average Price (Per 100),Issue Number,Issue Date,Country,Currency
91 DAYS,2025-01-13,4000.0,18508.15,6089.38,14.99,96.3974,2599/091,2024-10-14,Kenya,Kshs
182 DAYS,2025-04-14,10000.0,28789.43,10560.94,16.095,92.5708,2572/182,2024-10-14,Kenya,Kshs
364 DAYS,2025-10-13,10000.0,25740.32,14506.32,16.3383,85.9893,2526/364,2024-10-14,Kenya,Kshs
Tenor,Maturity Date,Amount Offered (Millions),Bids Received (Millions),Total Amount Accepted (Millions),Weighted Average Yield (Annual in %),Weighted Average Price (Per 100),Issue Number,Issue Date,Country,Currency
91 DAYS,2025-05-12,4000.0,9999.95,9933.99,9.1156,97.7778,2616/091,2025-02-10,Kenya,Kshs
182 DAYS,2025-08-11,10000.0,23998.17,15076.79,9.519,95.4686,2590/182,2025-02-10,Kenya,Kshs
364 DAYS,2026-02-09,10000.0,37184.92,34726.86,10.7581,90.3109,2544/364,2025-02-10,Kenya,Kshs
Tenor,Maturity Date,Amount Offered (Millions),Bids Received (Millions),Total Amount Accepted (Millions),Weighted Average Yield (Annual in %),Weighted Average Price (Per 100),Issue Number,Issue Date,Country,Currency
91 DAYS,2026-01-26,4000.0,12999.92,12988.04,7.829,98.0855,2653/091,2025-11-03,Kenya,Kshs
182 DAYS,2026-04-27,10000.0,7032.89,7032.89,7.865,96.2263,2627/182,2025-11-03,Kenya,Kshs
364 DAYS,2026-10-26,10000.0,5372.05,5363.37,9.3467,91.4737,2581/364,2025-11-03,Kenya,Kshs
Tenor,Maturity Date,Amount Offered (Millions),Bids Received (Millions),Total Amount Accepted (Millions),Weighted Average Yield (Annual in %),Weighted Average Price (Per 100),Issue Number,Issue Date,Country,Currency
91 DAYS,2026-03-16,4000.0,7507.79,7501.12,7.7794,98.0974,2660/091,2025-12-15,Kenya,Kshs
182 DAYS,2026-06-15,10000.0,2241.91,2241.91,7.8,96.2563,2634/182,2025-12-15,Kenya,Kshs
364 DAYS,2026-12-14,10000.0,22827.94,21918.76,9.2352,91.5668,2589/364,2025-12-15,Kenya,Kshs
Tenor,Maturity Date,Amount Offered (Millions),Bids Received (Millions),Total Amount Accepted (Millions),Weighted Average Yield (Annual in %),Weighted Average Price (Per 100),Issue Number,Issue Date,Country,Currency
91 DAYS,2026-05-25,4000.0,13048.22,12976.11,7.5899,98.1429,2670/091,2026-03-02,Kenya,Kshs
182 DAYS,2026-08-24,10000.0,11355.0,11355.0,7.75,96.2794,2644/182,2026-03-02,Kenya,Kshs
364 DAYS,2027-02-22,10000.0,46541.92,24739.15,8.901,91.8471,2599/364,2026-03-02,Kenya,Kshs
Tenor,Maturity Date,Amount Offered (Millions),Bids Received (Millions),Total Amount Accepted (Millions),Weighted Average Yield (Annual in %),Weighted Average Price (Per 100),Issue Number,Issue Date,Country,Currency
91 DAYS,2026-03-09,4000.0,8487.84,8480.17,7.7798,98.0973,2659/091,2025-12-15,Kenya,Kshs
182 DAYS,2026-06-08,10000.0,14003.1,13994.85,7.8043,96.2543,2633/182,2025-12-15,Kenya,Kshs
364 DAYS,2026-12-07,10000.0,30365.19,17880.7,9.3681,91.4558,2588/364,2025-12-15,Kenya,Kshs
Tenor,Maturity Date,Amount Offered (Millions),Bids Received (Millions),Total Amount Accepted (Millions),Weighted Average Yield (Annual in %),Weighted Average Price (Per 100),Issue Number,Issue Date,Country,Currency
91 DAYS,2025-10-13,4000.0,4150.67,4133.94,8.1421,98.0104,2638/091,2025-07-14,Kenya,Kshs
182 DAYS,2026-01-12,10000.0,8972.56,8964.46,8.4404,95.9613,2612/182,2025-07-14,Kenya,Kshs
364 DAYS,2026-07-13,10000.0,9655.03,9655.03,9.7218,91.1617,2566/364,2025-07-14,Kenya,Kshs
Tenor,Maturity Date,Amount Offered (Millions),Bids Received (Millions),Total Amount Accepted (Millions),Weighted Average Yield (Annual in %),Weighted Average Price (Per 100),Issue Number,Issue Date,Country,Currency
91 DAYS,2025-11-03,4000.0,1973.68,1969.82,8.1106,98.018,2641/091,2025-08-04,Kenya,Kshs
182 DAYS,2026-02-02,10000.0,2141.04,2102.68,8.4095,95.9755,2615/182,2025-08-04,Kenya,Kshs
364 DAYS,2026-08-03,10000.0,11978.1,11951.23,9.7178,91.165,2569/364,2025-08-04,Kenya,Kshs
Tenor,Maturity Date,Amount Offered (Millions),Bids Received (Millions),Total Amount Accepted (Millions),Weighted Average Yield (Annual in %),Weighted Average Price (Per 100),Issue Number,Issue Date,Country,Currency
91 DAYS,2025-03-24,4000.0,6314.68,6285.41,9.9546,97.5783,2609/091,2024-12-23,Kenya,Kshs
182 DAYS,2025-06-23,10000.0,3035.47,3035.47,10.0216,95.2407,2582/182,2024-12-23,Kenya,Kshs
364 DAYS,2025-12-22,10000.0,3728.6,3720.8,11.5372,89.6816,2537/364,2024-12-23,Kenya,Kshs
Tenor,Maturity Date,Amount Offered (Millions),Bids Received (Millions),Total Amount Accepted (Millions),Weighted Average Yield (Annual in %),Weighted Average Price (Per 100),Issue Number,Issue Date,Country,Currency
91 DAYS,2025-01-06,4000.0,17353.3,12490.78,15.6855,96.2365,2598/091,2024-10-07,Kenya,Kshs
182 DAYS,2025-04-07,10000.0,20211.39,7214.16,16.4999,92.3981,2571/182,2024-10-07,Kenya,Kshs
364 DAYS,2025-10-06,10000.0,16395.46,9532.34,16.7291,85.7021,2525/364,2024-10-07,Kenya,Kshs
Tenor,Maturity Date,Amount Offered (Millions),Bids Received (Millions),Total Amount Accepted (Millions),Weighted Average Yield (Annual in %),Weighted Average Price (Per 100),Issue Number,Issue Date,Country,Currency
91 DAYS,2024-09-09,4000.0,25061.08,24002.5,15.9654,96.172,2581/091,2024-06-10,Kenya,Kshs
182 DAYS,2024-12-09,10000.0,5973.07,5968.46,16.6405,92.3383,2554/182,2024-06-10,Kenya,Kshs
364 DAYS,2025-06-09,10000.0,5199.86,4187.76,16.7311,85.7006,2508/364,2024-06-10,Kenya,Kshs
Tenor,Maturity Date,Amount Offered (Millions),Bids Received (Millions),Total Amount Accepted (Millions),Weighted Average Yield (Annual in %),Weighted Average Price (Per 100),Issue Number,Issue Date,Country,Currency
91 DAYS,2024-08-12,4000.0,17253.43,17038.52,15.9036,96.1862,2577/091,2024-05-13,Kenya,Kshs
182 DAYS,2024-11-11,10000.0,22963.76,19405.31,16.5014,92.3975,2550/182,2024-05-13,Kenya,Kshs
364 DAYS,2025-05-12,10000.0,13438.86,13094.28,16.5067,85.8653,2504/364,2024-05-13,Kenya,Kshs
Tenor,Maturity Date,Amount Offered (Millions),Bids Received (Millions),Total Amount Accepted (Millions),Weighted Average Yield (Annual in %),Weighted Average Price (Per 100),Issue Number,Issue Date,Country,Currency
91 DAYS,2026-09-21,4000.0,36846.88,23621.44,8.8206,97.8482,2687/091,2026-06-22,Kenya,Kshs
182 DAYS,2026-12-21,10000.0,3219.88,3206.02,8.7782,95.8065,2661/182,2026-06-22,Kenya,Kshs
364 DAYS,2027-06-21,10000.0,8916.6,8913.86,8.9746,91.7852,2616/364,2026-06-22,Kenya,Kshs
Tenor,Maturity Date,Amount Offered (Millions),Bids Received (Millions),Total Amount Accepted (Millions),Weighted Average Yield (Annual in %),Weighted Average Price (Per 100),Issue Number,Issue Date,Country,Currency
91 DAYS,2026-10-26,8000.0,22059.03,13275.63,8.7821,97.8574,2692/091,2026-08-03,Kenya,Kshs
182 DAYS,2027-01-25,10000.0,11556.05,11451.01,8.9545,95.7259,2666/182,2026-08-03,Kenya,Kshs
364 DAYS,2027-07-26,10000.0,4883.04,4528.66,9.0361,91.7336,2621/364,2026-08-03,Kenya,Kshs
Tenor,Maturity Date,Amount Offered (Millions),Bids Received (Millions),Total Amount Accepted (Millions),Weighted Average Yield (Annual in %),Weighted Average Price (Per 100),Issue Number,Issue Date,Country,Currency
91 DAYS,2025-03-17,4000.0,5848.41,5834.0,10.0311,97.5601,2608/091,2024-12-16,Kenya,Kshs
182 DAYS,2025-06-16,10000.0,3084.86,3084.86,10.0015,95.2498,2581/182,2024-12-16,Kenya,Kshs
364 DAYS,2025-12-15,10000.0,7668.66,7666.88,11.7572,89.5055,2536/364,2024-12-16,Kenya,Kshs
Tenor,Maturity Date,Amount Offered (Millions),Bids Received (Millions),Total Amount Accepted (Millions),Weighted Average Yield (Annual in %),Weighted Average Price (Per 100),Issue Number,Issue Date,Country,Currency
91 DAYS,2025-10-20,4000.0,1962.97,1947.58,8.1283,98.0137,2639/091,2025-07-21,Kenya,Kshs
182 DAYS,2026-01-19,10000.0,7622.07,7574.09,8.431,95.9657,2613/182,2025-07-21,Kenya,Kshs
364 DAYS,2026-07-20,10000.0,18234.79,14585.1,9.7276,91.1569,2567/364,2025-07-21,Kenya,Kshs
Tenor,Maturity Date,Amount Offered (Millions),Bids Received (Millions),Total Amount Accepted (Millions),Weighted Average Yield (Annual in %),Weighted Average Price (Per 100),Issue Number,Issue Date,Country,Currency
91 DAYS,2024-07-29,4000.0,5985.83,5732.45,15.8232,96.2048,2575/091,2024-04-29,Kenya,Kshs
182 DAYS,2024-10-28,10000.0,6932.54,6924.47,16.46,92.4151,2548/182,2024-04-29,Kenya,Kshs
364 DAYS,2025-04-28,10000.0,10644.22,10644.22,16.4924,85.8758,2502/364,2024-04-29,Kenya,Kshs
Tenor,Maturity Date,Amount Offered (Millions),Bids Received (Millions),Total Amount Accepted (Millions),Weighted Average Yield (Annual in %),Weighted Average Price (Per 100),Issue Number,Issue Date,Country,Currency
91 DAYS,2024-08-26,4000.0,7104.38,7024.59,15.9453,96.1766,2579/091,2024-05-27,Kenya,Kshs
182 DAYS,2024-11-25,10000.0,11649.75,11412.51,16.5638,92.3709,2552/182,2024-05-27,Kenya,Kshs
364 DAYS,2025-05-26,10000.0,5280.88,5276.6,16.6231,85.7798,2506/364,2024-05-27,Kenya,Kshs
Tenor,Maturity Date,Amount Offered (Millions),Bids Received (Millions),Total Amount Accepted (Millions),Weighted Average Yield (Annual in %),Weighted Average Price (Per 100),Issue Number,Issue Date,Country,Currency
91 DAYS,2025-05-19,4000.0,2526.2,2504.74,8.9697,97.8126,2617/091,2025-02-17,Kenya,Kshs
182 DAYS,2025-08-18,10000.0,23624.18,10944.81,9.41,95.5182,2591/182,2025-02-17,Kenya,Kshs
364 DAYS,2026-02-16,10000.0,18105.46,11694.56,10.5941,90.4444,2545/364,2025-02-17,Kenya,Kshs
Tenor,Maturity Date,Amount Offered (Millions),Bids Received (Millions),Total Amount Accepted (Millions),Weighted Average Yield (Annual in %),Weighted Average Price (Per 100),Issue Number,Issue Date,Country,Currency
91 DAYS,2024-09-16,4000.0,10286.03,9007.8,15.9719,96.1705,2582/091,2024-06-17,Kenya,Kshs
182 DAYS,2024-12-16,10000.0,9930.68,9924.53,16.6997,92.3131,2555/182,2024-06-17,Kenya,Kshs
364 DAYS,2025-06-16,10000.0,2502.04,2293.46,16.7538,85.684,2509/364,2024-06-17,Kenya,Kshs
Tenor,Maturity Date,Amount Offered (Millions),Bids Received (Millions),Total Amount Accepted (Millions),Weighted Average Yield (Annual in %),Weighted Average Price (Per 100),Issue Number,Issue Date,Country,Currency
91 DAYS,2025-12-22,4000.0,4247.56,4117.23,7.9461,98.0574,2648/091,2025-09-29,Kenya,Kshs
182 DAYS,2026-03-23,10000.0,5581.12,5575.76,8.0098,96.1595,2622/182,2025-09-29,Kenya,Kshs
364 DAYS,2026-09-21,10000.0,13132.74,13024.65,9.5366,91.3155,2576/364,2025-09-29,Kenya,Kshs
Tenor,Maturity Date,Amount Offered (Millions),Bids Received (Millions),Total Amount Accepted (Millions),Weighted Average Yield (Annual in %),Weighted Average Price (Per 100),Issue Number,Issue Date,Country,Currency
91 DAYS,2025-10-06,4000.0,2694.95,2688.79,8.1454,98.0096,2637/091,2025-07-07,Kenya,Kshs
182 DAYS,2026-01-05,10000.0,11174.4,11126.49,8.45,95.9569,2611/182,2025-07-07,Kenya,Kshs
364 DAYS,2026-07-06,10000.0,7955.84,7954.06,9.7134,91.1687,2565/364,2025-07-07,Kenya,Kshs
Tenor,Maturity Date,Amount Offered (Millions),Bids Received (Millions),Total Amount Accepted (Millions),Weighted Average Yield (Annual in %),Weighted Average Price (Per 100),Issue Number,Issue Date,Country,Currency
91 DAYS,2026-11-30,8000.0,23697.72,23108.63,8.7692,97.8605,2697/091,2026-08-31,Kenya,Kshs
182 DAYS,2027-03-01,10000.0,26876.2,15053.79,8.94,95.7325,2671/182,2026-08-31,Kenya,Kshs
364 DAYS,2027-08-30,10000.0,6161.29,6159.48,9.0323,91.7368,2626/364,2026-08-31,Kenya,Kshs
Tenor,Maturity Date,Amount Offered (Millions),Bids Received (Millions),Total Amount Accepted (Millions),Weighted Average Yield (Annual in %),Weighted Average Price (Per 100),Issue Number,Issue Date,Country,Currency
91 DAYS,2024-10-28,4000.0,25810.2,19642.88,16.0,96.164,2588/091,2024-07-29,Kenya,Kshs
182 DAYS,2025-01-27,10000.0,4147.37,1622.7,16.8506,92.249,2561/182,2024-07-29,Kenya,Kshs
364 DAYS,2025-07-28,10000.0,1688.45,1676.37,16.9212,85.5616,2515/364,2024-07-29,Kenya,Kshs
Tenor,Maturity Date,Amount Offered (Millions),Bids Received (Millions),Total Amount Accepted (Millions),Weighted Average Yield (Annual in %),Weighted Average Price (Per 100),Issue Number,Issue Date,Country,Currency
91 DAYS,2026-02-23,4000.0,13463.73,13446.17,7.7803,98.0972,2657/091,2025-11-24,Kenya,Kshs
182 DAYS,2026-05-25,10000.0,4228.92,4228.92,7.8,96.2563,2631/182,2025-11-24,Kenya,Kshs
364 DAYS,2026-11-23,10000.0,25727.83,25718.73,9.3789,91.4468,2585/364,2025-11-24,Kenya,Kshs
Tenor,Maturity Date,Amount Offered (Millions),Bids Received (Millions),Total Amount Accepted (Millions),Weighted Average Yield (Annual in %),Weighted Average Price (Per 100),Issue Number,Issue Date,Country,Currency
91 DAYS,2025-08-25,4000.0,4527.67,4508.55,8.3231,97.9671,2631/091,2025-05-26,Kenya,Kshs
182 DAYS,2025-11-24,10000.0,11387.3,7525.72,8.575,95.8996,2605/182,2025-05-26,Kenya,Kshs
364 DAYS,2026-05-25,10000.0,18271.63,17906.59,10.0026,90.9296,2559/364,2025-05-26,Kenya,Kshs
Tenor,Maturity Date,Amount Offered (Millions),Bids Received (Millions),Total Amount Accepted (Millions),Weighted Average Yield (Annual in %),Weighted Average Price (Per 100),Issue Number,Issue Date,Country,Currency
91 DAYS,2026-06-29,4000.0,2595.61,2574.1,7.4261,98.1822,2675/091,2026-03-30,Kenya,Kshs
182 DAYS,2026-09-28,10000.0,2831.08,2831.08,7.8292,96.2428,2649/182,2026-03-30,Kenya,Kshs
364 DAYS,2027-03-29,10000.0,5490.41,5451.75,8.2815,92.3712,2604/364,2026-03-30,Kenya,Kshs
Tenor,Maturity Date,Amount Offered (Millions),Bids Received (Millions),Total Amount Accepted (Millions),Weighted Average Yield (Annual in %),Weighted Average Price (Per 100),Issue Number,Issue Date,Country,Currency
91 DAYS,2025-05-05,4000.0,2465.23,2450.72,9.5219,97.6811,2615/091,2025-02-03,Kenya,Kshs
182 DAYS,2025-08-04,10000.0,2863.29,2520.57,10.0275,95.2381,2589/182,2025-02-03,Kenya,Kshs
364 DAYS,2026-02-02,10000.0,8133.6,8117.07,11.3132,89.8616,2543/364,2025-02-03,Kenya,Kshs
Tenor,Maturity Date,Amount Offered (Millions),Bids Received (Millions),Total Amount Accepted (Millions),Weighted Average Yield (Annual in %),Weighted Average Price (Per 100),Issue Number,Issue Date,Country,Currency
91 DAYS,2026-11-09,8000.0,13592.22,13103.01,8.782,97.8574,2694/091,2026-08-10,Kenya,Kshs
182 DAYS,2027-02-08,10000.0,10167.35,9207.54,8.95,95.7279,2668/182,2026-08-10,Kenya,Kshs
364 DAYS,2027-08-09,10000.0,6209.19,6205.25,9.0042,91.7604,2623/364,2026-08-10,Kenya,Kshs
Tenor,Maturity Date,Amount Offered (Millions),Bids Received (Millions),Total Amount Accepted (Millions),Weighted Average Yield (Annual in %),Weighted Average Price (Per 100),Issue Number,Issue Date,Country,Currency
91 DAYS,2024-11-18,4000.0,10517.03,10471.56,15.8094,96.2079,2591/091,2024-08-19,Kenya,Kshs
182 DAYS,2025-02-17,10000.0,11038.74,11032.62,16.7078,92.3097,2564/182,2024-08-19,Kenya,Kshs
364 DAYS,2025-08-18,10000.0,4184.93,4114.61,16.8664,85.6016,2518/364,2024-08-19,Kenya,Kshs
Tenor,Maturity Date,Amount Offered (Millions),Bids Received (Millions),Total Amount Accepted (Millions),Weighted Average Yield (Annual in %),Weighted Average Price (Per 100),Issue Number,Issue Date,Country,Currency
91 DAYS,2025-09-01,4000.0,19200.95,19196.07,8.2927,97.9744,2632/091,2025-06-02,Kenya,Kshs
182 DAYS,2025-12-01,10000.0,9773.86,8808.97,8.5642,95.9045,2606/182,2025-06-02,Kenya,Kshs
364 DAYS,2026-06-01,10000.0,26134.08,15688.45,10.0,90.9317,2560/364,2025-06-02,Kenya,Kshs
Tenor,Maturity Date,Amount Offered (Millions),Bids Received (Millions),Total Amount Accepted (Millions),Weighted Average Yield (Annual in %),Weighted Average Price (Per 100),Issue Number,Issue Date,Country,Currency
91 DAYS,2024-10-07,4000.0,14803.88,12842.87,15.9868,96.167,2585/091,2024-07-08,Kenya,Kshs
182 DAYS,2025-01-06,10000.0,9419.93,9419.93,16.7951,92.2726,2558/182,2024-07-08,Kenya,Kshs
364 DAYS,2025-07-07,10000.0,5632.46,5632.46,16.8299,85.6283,2512/364,2024-07-08,Kenya,Kshs
Tenor,Maturity Date,Amount Offered (Millions),Bids Received (Millions),Total Amount Accepted (Millions),Weighted Average Yield (Annual in %),Weighted Average Price (Per 100),Issue Number,Issue Date,Country,Currency
91 DAYS,2026-09-07,4000.0,32827.37,32824.44,8.5588,97.9107,2685/091,2026-06-08,Kenya,Kshs
182 DAYS,2026-12-07,10000.0,6526.18,6526.18,8.5252,95.9224,2659/182,2026-06-08,Kenya,Kshs
364 DAYS,2027-06-07,10000.0,15226.31,15197.79,8.7629,91.9634,2614/364,2026-06-08,Kenya,Kshs
Tenor,Maturity Date,Amount Offered (Millions),Bids Received (Millions),Total Amount Accepted (Millions),Weighted Average Yield (Annual in %),Weighted Average Price (Per 100),Issue Number,Issue Date,Country,Currency
91 DAYS,2024-12-02,4000.0,17496.4,16953.43,15.7844,96.2137,2593/091,2024-09-02,Kenya,Kshs
182 DAYS,2025-03-03,10000.0,4451.13,4443.43,16.6327,92.3416,2566/182,2024-09-02,Kenya,Kshs
364 DAYS,2025-09-01,10000.0,2254.39,2248.06,16.8421,85.6194,2520/364,2024-09-02,Kenya,Kshs
Tenor,Maturity Date,Amount Offered (Millions),Bids Received (Millions),Total Amount Accepted (Millions),Weighted Average Yield (Annual in %),Weighted Average Price (Per 100),Issue Number,Issue Date,Country,Currency
91 DAYS,2026-05-11,4000.0,12957.27,12957.27,7.6298,98.1333,2668/091,2026-02-09,Kenya,Kshs
182 DAYS,2026-08-10,10000.0,497.24,497.24,7.7881,96.2618,2642/182,2026-02-09,Kenya,Kshs
364 DAYS,2027-02-08,10000.0,50829.29,36582.91,9.1999,91.5963,2597/364,2026-02-09,Kenya,Kshs
Tenor,Maturity Date,Amount Offered (Millions),Bids Received (Millions),Total Amount Accepted (Millions),Weighted Average Yield (Annual in %),Weighted Average Price (Per 100),Issue Number,Issue Date,Country,Currency
91 DAYS,2026-07-20,4000.0,2577.9,2569.29,7.4241,98.1827,2678/091,2026-04-27,Kenya,Kshs
182 DAYS,2026-10-19,10000.0,7666.68,7661.88,7.8295,96.2427,2652/182,2026-04-27,Kenya,Kshs
364 DAYS,2027-04-19,10000.0,3751.35,3742.46,8.2723,92.3791,2607/364,2026-04-27,Kenya,Kshs
Tenor,Maturity Date,Amount Offered (Millions),Bids Received (Millions),Total Amount Accepted (Millions),Weighted Average Yield (Annual in %),Weighted Average Price (Per 100),Issue Number,Issue Date,Country,Currency
91 DAYS,2025-04-28,4000.0,16790.95,16790.95,9.5252,97.6803,2614/091,2025-01-27,Kenya,Kshs
182 DAYS,2025-07-28,10000.0,3821.74,3819.42,10.0279,95.2379,2588/182,2025-01-27,Kenya,Kshs
364 DAYS,2026-01-26,10000.0,12203.43,12198.66,11.2945,89.8767,2542/364,2025-01-27,Kenya,Kshs
Tenor,Maturity Date,Amount Offered (Millions),Bids Received (Millions),Total Amount Accepted (Millions),Weighted Average Yield (Annual in %),Weighted Average Price (Per 100),Issue Number,Issue Date,Country,Currency
91 DAYS,2025-09-15,4000.0,14597.61,11630.15,8.1789,98.0016,2634/091,2025-06-16,Kenya,Kshs
182 DAYS,2025-12-15,10000.0,2574.22,2574.22,8.4948,95.9364,2608/182,2025-06-16,Kenya,Kshs
364 DAYS,2026-06-15,10000.0,39794.4,2994.44,9.75,91.1384,2562/364,2025-06-16,Kenya,Kshs
Tenor,Maturity Date,Amount Offered (Millions),Bids Received (Millions),Total Amount Accepted (Millions),Weighted Average Yield (Annual in %),Weighted Average Price (Per 100),Issue Number,Issue Date,Country,Currency
91 DAYS,2026-10-19,8000.0,24355.09,12887.74,8.7986,97.8535,2691/091,2026-07-20,Kenya,Kshs
182 DAYS,2027-01-18,10000.0,15152.81,13228.66,8.9695,95.719,2665/182,2026-07-20,Kenya,Kshs
364 DAYS,2027-07-19,10000.0,4512.33,4505.6,9.0415,91.729,2620/364,2026-07-20,Kenya,Kshs
Tenor,Maturity Date,Amount Offered (Millions),Bids Received (Millions),Total Amount Accepted (Millions),Weighted Average Yield (Annual in %),Weighted Average Price (Per 100),Issue Number,Issue Date,Country,Currency
91 DAYS,2025-02-17,4000.0,30388.12,4098.02,12.7905,96.9097,2604/091,2024-11-18,Kenya,Kshs
182 DAYS,2025-05-19,10000.0,32333.33,14094.09,13.0585,93.8867,2577/182,2024-11-18,Kenya,Kshs
364 DAYS,2025-11-17,10000.0,32817.54,24811.62,13.8993,87.8262,2531/364,2024-11-18,Kenya,Kshs
Tenor,Maturity Date,Amount Offered (Millions),Bids Received (Millions),Total Amount Accepted (Millions),Weighted Average Yield (Annual in %),Weighted Average Price (Per 100),Issue Number,Issue Date,Country,Currency
91 DAYS,2024-12-23,4000.0,11354.93,9410.85,15.7463,96.2225,2596/091,2024-09-23,Kenya,Kshs
182 DAYS,2025-03-24,10000.0,8405.24,7104.44,16.6157,92.3488,2569/182,2024-09-23,Kenya,Kshs
364 DAYS,2025-09-22,10000.0,10584.13,9068.23,16.813,85.6407,2523/364,2024-09-23,Kenya,Kshs
Tenor,Maturity Date,Amount Offered (Millions),Bids Received (Millions),Total Amount Accepted (Millions),Weighted Average Yield (Annual in %),Weighted Average Price (Per 100),Issue Number,Issue Date,Country,Currency
91 DAYS,2024-09-02,4000.0,17863.94,17437.83,15.9545,96.1745,2580/091,2024-06-03,Kenya,Kshs
182 DAYS,2024-12-02,10000.0,9171.79,9012.98,16.6076,92.3523,2553/182,2024-06-03,Kenya,Kshs
364 DAYS,2025-06-02,10000.0,6474.59,6339.81,16.7061,85.7189,2507/364,2024-06-03,Kenya,Kshs
Tenor,Maturity Date,Amount Offered (Millions),Bids Received (Millions),Total Amount Accepted (Millions),Weighted Average Yield (Annual in %),Weighted Average Price (Per 100),Issue Number,Issue Date,Country,Currency
91 DAYS,2025-05-26,4000.0,4523.86,4518.01,8.9477,97.8179,2618/091,2025-02-24,Kenya,Kshs
182 DAYS,2025-08-25,10000.0,12357.6,12341.72,9.3116,95.5629,2592/182,2025-02-24,Kenya,Kshs
364 DAYS,2026-02-23,10000.0,16062.76,16045.03,10.5261,90.5,2546/364,2025-02-24,Kenya,Kshs
Tenor,Maturity Date,Amount Offered (Millions),Bids Received (Millions),Total Amount Accepted (Millions),Weighted Average Yield (Annual in %),Weighted Average Price (Per 100),Issue Number,Issue Date,Country,Currency
91 DAYS,2025-02-24,4000.0,24933.8,13069.92,12.034,97.0871,2605/091,2024-11-25,Kenya,Kshs
182 DAYS,2025-05-26,10000.0,17140.68,12486.14,12.2095,94.2614,2578/182,2024-11-25,Kenya,Kshs
364 DAYS,2025-11-24,10000.0,35161.76,20817.87,13.2949,88.2936,2532/364,2024-11-25,Kenya,Kshs
Tenor,Maturity Date,Amount Offered (Millions),Bids Received (Millions),Total Amount Accepted (Millions),Weighted Average Yield (Annual in %),Weighted Average Price (Per 100),Issue Number,Issue Date,Country,Currency
91 DAYS,2024-10-14,4000.0,14588.21,13069.6,15.9954,96.165,2586/091,2024-07-15,Kenya,Kshs
182 DAYS,2025-01-13,10000.0,10064.72,9041.04,16.8221,92.2611,2559/182,2024-07-15,Kenya,Kshs
364 DAYS,2025-07-14,10000.0,8296.85,8137.32,16.8795,85.592,2513/364,2024-07-15,Kenya,Kshs
Tenor,Maturity Date,Amount Offered (Millions),Bids Received (Millions),Total Amount Accepted (Millions),Weighted Average Yield (Annual in %),Weighted Average Price (Per 100),Issue Number,Issue Date,Country,Currency
91 DAYS,2024-07-15,4000.0,16417.15,16383.65,15.733,96.2256,2573/091,2024-04-15,Kenya,Kshs
182 DAYS,2024-10-14,10000.0,10563.72,10512.86,16.8684,92.2415,2546/182,2024-04-15,Kenya,Kshs
364 DAYS,2025-04-14,10000.0,19285.56,18815.87,16.531,85.8474,2500/364,2024-04-15,Kenya,Kshs
Tenor,Maturity Date,Amount Offered (Millions),Bids Received (Millions),Total Amount Accepted (Millions),Weighted Average Yield (Annual in %),Weighted Average Price (Per 100),Issue Number,Issue Date,Country,Currency
91 DAYS,2026-09-14,4000.0,32826.96,26860.98,8.7067,97.8754,2686/091,2026-06-15,Kenya,Kshs
182 DAYS,2026-12-14,10000.0,4377.39,3896.74,8.6006,95.8878,2660/182,2026-06-15,Kenya,Kshs
364 DAYS,2027-06-14,10000.0,2136.76,1851.77,8.8715,91.8719,2615/364,2026-06-15,Kenya,Kshs
Tenor,Maturity Date,Amount Offered (Millions),Bids Received (Millions),Total Amount Accepted (Millions),Weighted Average Yield (Annual in %),Weighted Average Price (Per 100),Issue Number,Issue Date,Country,Currency
91 DAYS,2025-06-23,4000.0,1729.19,1667.65,8.8402,97.8435,2622/091,2025-03-24,Kenya,Kshs
182 DAYS,2025-09-22,10000.0,8403.35,6487.86,9.086,95.6658,2596/182,2025-03-24,Kenya,Kshs
364 DAYS,2026-03-23,10000.0,20824.06,16299.53,10.4613,90.5529,2550/364,2025-03-24,Kenya,Kshs
Tenor,Maturity Date,Amount Offered (Millions),Bids Received (Millions),Total Amount Accepted (Millions),Weighted Average Yield (Annual in %),Weighted Average Price (Per 100),Issue Number,Issue Date,Country,Currency
91 DAYS,2025-04-21,4000.0,3382.82,2687.66,9.5647,97.6709,2613/091,2025-01-20,Kenya,Kshs
182 DAYS,2025-07-21,10000.0,5446.73,5442.89,10.0299,95.237,2587/182,2025-01-20,Kenya,Kshs
364 DAYS,2026-01-19,10000.0,10031.02,9990.21,11.3044,89.8687,2541/364,2025-01-20,Kenya,Kshs
Tenor,Maturity Date,Amount Offered (Millions),Bids Received (Millions),Total Amount Accepted (Millions),Weighted Average Yield (Annual in %),Weighted Average Price (Per 100),Issue Number,Issue Date,Country,Currency
91 DAYS,2026-02-02,4000.0,1868.6,1865.67,7.8095,98.0902,2654/091,2025-11-03,Kenya,Kshs
182 DAYS,2026-05-04,10000.0,1561.81,1556.63,7.9,96.2101,2628/182,2025-11-03,Kenya,Kshs
364 DAYS,2026-11-02,10000.0,20823.16,20823.16,9.3404,91.4789,2582/364,2025-11-03,Kenya,Kshs
Tenor,Maturity Date,Amount Offered (Millions),Bids Received (Millions),Total Amount Accepted (Millions),Weighted Average Yield (Annual in %),Weighted Average Price (Per 100),Issue Number,Issue Date,Country,Currency
91 DAYS,2026-01-19,4000.0,3638.95,3638.95,7.8591,98.0783,2652/091,2025-10-20,Kenya,Kshs
182 DAYS,2026-04-20,10000.0,2552.87,2552.87,7.9091,96.2059,2626/182,2025-10-20,Kenya,Kshs
364 DAYS,2026-10-19,10000.0,21346.9,21105.56,9.3648,91.4586,2580/364,2025-10-20,Kenya,Kshs
Tenor,Maturity Date,Amount Offered (Millions),Bids Received (Millions),Total Amount Accepted (Millions),Weighted Average Yield (Annual in %),Weighted Average Price (Per 100),Issue Number,Issue Date,Country,Currency
91 DAYS,2025-09-29,4000.0,1449.26,1442.77,8.1387,98.0113,2636/091,2025-06-30,Kenya,Kshs
182 DAYS,2025-12-29,10000.0,1200.39,1198.53,8.4613,95.9517,2610/182,2025-06-30,Kenya,Kshs
364 DAYS,2026-06-29,10000.0,11839.57,11798.48,9.7221,91.1615,2564/364,2025-06-30,Kenya,Kshs
Tenor,Maturity Date,Amount Offered (Millions),Bids Received (Millions),Total Amount Accepted (Millions),Weighted Average Yield (Annual in %),Weighted Average Price (Per 100),Issue Number,Issue Date,Country,Currency
91 DAYS,2026-07-27,4000.0,9236.66,9236.66,7.7794,98.0974,2679/091,2026-04-27,Kenya,Kshs
182 DAYS,2026-10-26,10000.0,858.68,858.68,7.8867,96.2163,2653/182,2026-04-27,Kenya,Kshs
364 DAYS,2027-04-26,10000.0,3683.75,3683.75,8.271,92.3802,2608/364,2026-04-27,Kenya,Kshs
Tenor,Maturity Date,Amount Offered (Millions),Bids Received (Millions),Total Amount Accepted (Millions),Weighted Average Yield (Annual in %),Weighted Average Price (Per 100),Issue Number,Issue Date,Country,Currency
91 DAYS,2025-09-08,4000.0,7917.51,7789.52,8.2816,97.977,2633/091,2025-06-09,Kenya,Kshs
182 DAYS,2025-12-08,10000.0,10485.55,10473.63,8.5433,95.9141,2607/182,2025-06-09,Kenya,Kshs
364 DAYS,2026-06-08,10000.0,43003.49,39128.98,9.9985,90.933,2561/364,2025-06-09,Kenya,Kshs
Tenor,Maturity Date,Amount Offered (Millions),Bids Received (Millions),Total Amount Accepted (Millions),Weighted Average Yield (Annual in %),Weighted Average Price (Per 100),Issue Number,Issue Date,Country,Currency
91 DAYS,2026-02-16,4000.0,6540.16,6484.76,7.7865,98.0957,2656/091,2025-11-24,Kenya,Kshs
182 DAYS,2026-05-18,10000.0,3690.55,3688.8,7.7934,96.2593,2630/182,2025-11-24,Kenya,Kshs
364 DAYS,2026-11-16,10000.0,20310.15,20264.47,9.3574,91.4647,2584/364,2025-11-24,Kenya,Kshs
Tenor,Maturity Date,Amount Offered (Millions),Bids Received (Millions),Total Amount Accepted (Millions),Weighted Average Yield (Annual in %),Weighted Average Price (Per 100),Issue Number,Issue Date,Country,Currency
91 DAYS,2026-08-10,4000.0,9741.59,9734.74,8.1895,97.9991,2681/091,2026-05-18,Kenya,Kshs
182 DAYS,2026-11-09,10000.0,14517.53,14517.53,8.21,96.0672,2655/182,2026-05-18,Kenya,Kshs
364 DAYS,2027-05-10,10000.0,5159.54,5159.54,8.5145,92.1734,2610/364,2026-05-18,Kenya,Kshs
Tenor,Maturity Date,Amount Offered (Millions),Bids Received (Millions),Total Amount Accepted (Millions),Weighted Average Yield (Annual in %),Weighted Average Price (Per 100),Issue Number,Issue Date,Country,Currency
91 DAYS,2026-10-05,4000.0,25614.06,16125.52,8.8347,97.8448,2689/091,2026-07-13,Kenya,Kshs
182 DAYS,2027-01-04,10000.0,2485.19,1521.22,8.9616,95.7226,2663/182,2026-07-13,Kenya,Kshs
364 DAYS,2027-07-05,10000.0,7092.09,7083.83,8.9953,91.7678,2618/364,2026-07-13,Kenya,Kshs
Tenor,Maturity Date,Amount Offered (Millions),Bids Received (Millions),Total Amount Accepted (Millions),Weighted Average Yield (Annual in %),Weighted Average Price (Per 100),Issue Number,Issue Date,Country,Currency
91 DAYS,2026-10-12,8000.0,34798.62,15607.75,8.825,97.8472,2690/091,2026-07-20,Kenya,Kshs
182 DAYS,2027-01-11,10000.0,8882.84,8880.93,8.9711,95.7183,2664/182,2026-07-20,Kenya,Kshs
364 DAYS,2027-07-12,10000.0,6038.15,6036.33,8.9923,91.7703,2619/364,2026-07-20,Kenya,Kshs
Tenor,Maturity Date,Amount Offered (Millions),Bids Received (Millions),Total Amount Accepted (Millions),Weighted Average Yield (Annual in %),Weighted Average Price (Per 100),Issue Number,Issue Date,Country,Currency
91 DAYS,2025-07-14,4000.0,17415.82,7405.11,8.5006,97.9247,2625/091,2025-04-14,Kenya,Kshs
182 DAYS,2025-10-13,10000.0,11070.23,11045.74,8.8941,95.7535,2599/182,2025-04-14,Kenya,Kshs
364 DAYS,2026-04-13,10000.0,25268.49,25092.73,10.2319,90.7409,2553/364,2025-04-14,Kenya,Kshs
Tenor,Maturity Date,Amount Offered (Millions),Bids Received (Millions),Total Amount Accepted (Millions),Weighted Average Yield (Annual in %),Weighted Average Price (Per 100),Issue Number,Issue Date,Country,Currency
91 DAYS,2024-07-22,4000.0,6005.06,5945.12,15.8029,96.2095,2574/091,2024-04-22,Kenya,Kshs
182 DAYS,2024-10-21,10000.0,7814.98,7763.37,16.4667,92.4122,2547/182,2024-04-22,Kenya,Kshs
364 DAYS,2025-04-21,10000.0,12266.87,12263.02,16.5077,85.8646,2501/364,2024-04-22,Kenya,Kshs
Tenor,Maturity Date,Amount Offered (Millions),Bids Received (Millions),Total Amount Accepted (Millions),Weighted Average Yield (Annual in %),Weighted Average Price (Per 100),Issue Number,Issue Date,Country,Currency
91 DAYS,2026-06-01,4000.0,12341.17,12270.21,7.58,98.1452,2671/091,2026-03-02,Kenya,Kshs
182 DAYS,2026-08-31,10000.0,791.31,788.44,7.8,96.2563,2645/182,2026-03-02,Kenya,Kshs
364 DAYS,2027-03-01,10000.0,45396.34,28755.11,8.7893,91.9412,2600/364,2026-03-02,Kenya,Kshs
Tenor,Maturity Date,Amount Offered (Millions),Bids Received (Millions),Total Amount Accepted (Millions),Weighted Average Yield (Annual in %),Weighted Average Price (Per 100),Issue Number,Issue Date,Country,Currency
91 DAYS,2026-01-12,4000.0,3600.27,3588.6,7.8911,98.0706,2651/091,2025-10-13,Kenya,Kshs
182 DAYS,2026-04-13,10000.0,2849.31,2846.93,7.9301,96.1962,2625/182,2025-10-13,Kenya,Kshs
364 DAYS,2026-10-12,10000.0,19195.3,19148.56,9.3904,91.4372,2579/364,2025-10-13,Kenya,Kshs
Tenor,Maturity Date,Amount Offered (Millions),Bids Received (Millions),Total Amount Accepted (Millions),Weighted Average Yield (Annual in %),Weighted Average Price (Per 100),Issue Number,Issue Date,Country,Currency
91 DAYS,2026-08-03,4000.0,8024.94,8005.39,8.0398,98.0349,2680/091,2026-05-11,Kenya,Kshs
182 DAYS,2026-11-02,10000.0,3258.48,3258.48,8.2115,96.0666,2654/182,2026-05-11,Kenya,Kshs
364 DAYS,2027-05-03,10000.0,7192.07,7179.77,8.5133,92.1744,2609/364,2026-05-11,Kenya,Kshs
Tenor,Maturity Date,Amount Offered (Millions),Bids Received (Millions),Total Amount Accepted (Millions),Weighted Average Yield (Annual in %),Weighted Average Price (Per 100),Issue Number,Issue Date,Country,Currency
91 DAYS,2026-05-18,4000.0,7181.44,7162.86,7.6094,98.1382,2669/091,2026-02-23,Kenya,Kshs
182 DAYS,2026-08-17,10000.0,6876.8,6856.65,7.7701,96.2701,2643/182,2026-02-23,Kenya,Kshs
364 DAYS,2027-02-15,10000.0,60047.93,30780.52,8.9755,91.7845,2598/364,2026-02-23,Kenya,Kshs
Tenor,Maturity Date,Amount Offered (Millions),Bids Received (Millions),Total Amount Accepted (Millions),Weighted Average Yield (Annual in %),Weighted Average Price (Per 100),Issue Number,Issue Date,Country,Currency
91 DAYS,2026-02-09,4000.0,15325.02,15321.6,7.7919,98.0944,2655/091,2025-11-17,Kenya,Kshs
182 DAYS,2026-05-11,10000.0,2600.16,2600.16,7.7934,96.2593,2629/182,2025-11-17,Kenya,Kshs
364 DAYS,2026-11-09,10000.0,21929.46,21924.43,9.3454,91.4747,2583/364,2025-11-17,Kenya,Kshs
Tenor,Maturity Date,Amount Offered (Millions),Bids Received (Millions),Total Amount Accepted (Millions),Weighted Average Yield (Annual in %),Weighted Average Price (Per 100),Issue Number,Issue Date,Country,Currency
91 DAYS,2026-08-24,4000.0,15865.73,11949.6,8.3865,97.9519,2683/091,2026-06-01,Kenya,Kshs
182 DAYS,2026-11-23,10000.0,8389.79,8389.79,8.2113,96.0666,2657/182,2026-06-01,Kenya,Kshs
364 DAYS,2027-05-24,10000.0,5789.69,5778.4,8.5881,92.1111,2612/364,2026-06-01,Kenya,Kshs
Tenor,Maturity Date,Amount Offered (Millions),Bids Received (Millions),Total Amount Accepted (Millions),Weighted Average Yield (Annual in %),Weighted Average Price (Per 100),Issue Number,Issue Date,Country,Currency
91 DAYS,2025-04-07,4000.0,7986.26,7978.71,9.8252,97.609,2611/091,2025-01-06,Kenya,Kshs
182 DAYS,2025-07-07,10000.0,6078.0,6078.0,10.0259,95.2388,2584/182,2025-01-06,Kenya,Kshs
364 DAYS,2026-01-05,10000.0,1627.63,1627.63,11.3711,89.815,2539/364,2025-01-06,Kenya,Kshs
Tenor,Maturity Date,Amount Offered (Millions),Bids Received (Millions),Total Amount Accepted (Millions),Weighted Average Yield (Annual in %),Weighted Average Price (Per 100),Issue Number,Issue Date,Country,Currency
91 DAYS,2026-09-28,4000.0,23013.48,14187.31,8.8275,97.8466,2688/091,2026-06-29,Kenya,Kshs
182 DAYS,2026-12-28,10000.0,2268.16,833.16,8.8438,95.7765,2662/182,2026-06-29,Kenya,Kshs
364 DAYS,2027-06-28,10000.0,2776.87,2405.42,8.9932,91.7696,2617/364,2026-06-29,Kenya,Kshs
Tenor,Maturity Date,Amount Offered (Millions),Bids Received (Millions),Total Amount Accepted (Millions),Weighted Average Yield (Annual in %),Weighted Average Price (Per 100),Issue Number,Issue Date,Country,Currency
91 DAYS,2026-06-08,4000.0,1946.22,1946.22,7.5795,98.1454,2672/091,2026-03-09,Kenya,Kshs
182 DAYS,2026-09-07,10000.0,15160.37,15158.46,7.8216,96.2463,2646/182,2026-03-09,Kenya,Kshs
364 DAYS,2027-03-08,10000.0,83317.13,24311.65,8.6434,92.0643,2601/364,2026-03-09,Kenya,Kshs
Tenor,Maturity Date,Amount Offered (Millions),Bids Received (Millions),Total Amount Accepted (Millions),Weighted Average Yield (Annual in %),Weighted Average Price (Per 100),Issue Number,Issue Date,Country,Currency
91 DAYS,2025-03-03,4000.0,18817.44,15938.75,11.25,97.2717,2606/091,2024-12-02,Kenya,Kshs
182 DAYS,2025-06-02,10000.0,10416.04,4208.53,11.3377,94.6492,2579/182,2024-12-02,Kenya,Kshs
364 DAYS,2025-12-01,10000.0,21422.5,14507.31,12.4903,88.9236,2534/364,2024-12-02,Kenya,Kshs
Tenor,Maturity Date,Amount Offered (Millions),Bids Received (Millions),Total Amount Accepted (Millions),Weighted Average Yield (Annual in %),Weighted Average Price (Per 100),Issue Number,Issue Date,Country,Currency
91 DAYS,2024-09-30,4000.0,4361.03,2745.34,15.9771,96.1693,2584/091,2024-07-01,Kenya,Kshs
182 DAYS,2024-12-30,10000.0,1494.42,1479.67,16.7636,92.286,2557/182,2024-07-01,Kenya,Kshs
364 DAYS,2025-06-30,10000.0,1833.64,1828.51,16.7911,85.6567,2511/364,2024-07-01,Kenya,Kshs
Tenor,Maturity Date,Amount Offered (Millions),Bids Received (Millions),Total Amount Accepted (Millions),Weighted Average Yield (Annual in %),Weighted Average Price (Per 100),Issue Number,Issue Date,Country,Currency
91 DAYS,2026-04-20,4000.0,961.31,950.85,7.7011,98.1162,2665/091,2026-01-26,Kenya,Kshs
182 DAYS,2026-07-20,10000.0,580.62,580.62,7.8,96.2563,2639/182,2026-01-26,Kenya,Kshs
364 DAYS,2027-01-18,10000.0,29284.43,26992.83,9.2033,91.5935,2594/364,2026-01-26,Kenya,Kshs
Tenor,Maturity Date,Amount Offered (Millions),Bids Received (Millions),Total Amount Accepted (Millions),Weighted Average Yield (Annual in %),Weighted Average Price (Per 100),Issue Number,Issue Date,Country,Currency
91 DAYS,2024-12-30,4000.0,6919.23,3370.9,15.7183,96.229,2597/091,2024-09-30,Kenya,Kshs
182 DAYS,2025-03-31,10000.0,5437.9,3330.51,16.5888,92.3603,2570/182,2024-09-30,Kenya,Kshs
364 DAYS,2025-09-29,10000.0,8567.15,5764.78,16.7999,85.6503,2524/364,2024-09-30,Kenya,Kshs
Tenor,Maturity Date,Amount Offered (Millions),Bids Received (Millions),Total Amount Accepted (Millions),Weighted Average Yield (Annual in %),Weighted Average Price (Per 100),Issue Number,Issue Date,Country,Currency
91 DAYS,2025-12-08,4000.0,5866.62,5554.46,7.9865,98.0477,2646/091,2025-09-08,Kenya,Kshs
182 DAYS,2026-03-09,10000.0,4909.26,4909.26,8.0331,96.1487,2620/182,2025-09-08,Kenya,Kshs
364 DAYS,2026-09-07,10000.0,23101.23,19084.1,9.579,91.2802,2574/364,2025-09-08,Kenya,Kshs
Tenor,Maturity Date,Amount Offered (Millions),Bids Received (Millions),Total Amount Accepted (Millions),Weighted Average Yield (Annual in %),Weighted Average Price (Per 100),Issue Number,Issue Date,Country,Currency
91 DAYS,2026-01-05,4000.0,1614.14,1608.77,7.9239,98.0627,2650/091,2025-10-06,Kenya,Kshs
182 DAYS,2026-04-06,10000.0,6134.86,6130.71,7.9849,96.1709,2624/182,2025-10-06,Kenya,Kshs
364 DAYS,2026-10-05,10000.0,7384.98,7376.42,9.5406,91.3121,2578/364,2025-10-06,Kenya,Kshs
Tenor,Maturity Date,Amount Offered (Millions),Bids Received (Millions),Total Amount Accepted (Millions),Weighted Average Yield (Annual in %),Weighted Average Price (Per 100),Issue Number,Issue Date,Country,Currency
91 DAYS,2025-02-10,4000.0,27444.84,10575.43,13.4496,96.7556,2603/091,2024-11-11,Kenya,Kshs
182 DAYS,2025-05-12,10000.0,42779.62,22941.17,13.84,93.5445,2576/182,2024-11-11,Kenya,Kshs
364 DAYS,2025-11-10,10000.0,28148.47,20226.7,14.4476,87.4065,2530/364,2024-11-11,Kenya,Kshs
Tenor,Maturity Date,Amount Offered (Millions),Bids Received (Millions),Total Amount Accepted (Millions),Weighted Average Yield (Annual in %),Weighted Average Price (Per 100),Issue Number,Issue Date,Country,Currency
91 DAYS,2025-12-15,4000.0,15407.46,14728.58,7.9716,98.0513,2647/091,2025-09-15,Kenya,Kshs
182 DAYS,2026-03-16,10000.0,3127.1,3127.1,8.0194,96.155,2621/182,2025-09-15,Kenya,Kshs
364 DAYS,2026-09-14,10000.0,20232.58,11057.63,9.5483,91.3057,2575/364,2025-09-15,Kenya,Kshs
Tenor,Maturity Date,Amount Offered (Millions),Bids Received (Millions),Total Amount Accepted (Millions),Weighted Average Yield (Annual in %),Weighted Average Price (Per 100),Issue Number,Issue Date,Country,Currency
91 DAYS,2026-04-27,4000.0,1373.63,1369.71,7.7274,98.1099,2666/091,2026-01-26,Kenya,Kshs
182 DAYS,2026-07-27,10000.0,8825.09,8801.47,7.7934,96.2593,2640/182,2026-01-26,Kenya,Kshs
364 DAYS,2027-01-25,10000.0,8151.47,8041.22,9.2002,91.5961,2595/364,2026-01-26,Kenya,Kshs
Tenor,Maturity Date,Amount Offered (Millions),Bids Received (Millions),Total Amount Accepted (Millions),Weighted Average Yield (Annual in %),Weighted Average Price (Per 100),Issue Number,Issue Date,Country,Currency
91 DAYS,2026-06-15,4000.0,4979.65,4954.13,7.5636,98.1492,2673/091,2026-03-23,Kenya,Kshs
182 DAYS,2026-09-14,10000.0,7894.51,7894.51,7.8457,96.2352,2647/182,2026-03-23,Kenya,Kshs
364 DAYS,2027-03-15,10000.0,30873.41,19422.49,8.4805,92.2022,2602/364,2026-03-23,Kenya,Kshs
Tenor,Maturity Date,Amount Offered (Millions),Bids Received (Millions),Total Amount Accepted (Millions),Weighted Average Yield (Annual in %),Weighted Average Price (Per 100),Issue Number,Issue Date,Country,Currency
91 DAYS,2024-11-11,4000.0,12549.08,8575.71,15.8177,96.206,2590/091,2024-08-12,Kenya,Kshs
182 DAYS,2025-02-10,10000.0,19313.49,18813.68,16.7148,92.3067,2563/182,2024-08-12,Kenya,Kshs
364 DAYS,2025-08-11,10000.0,7436.22,6938.61,16.9141,85.5668,2517/364,2024-08-12,Kenya,Kshs
Tenor,Maturity Date,Amount Offered (Millions),Bids Received (Millions),Total Amount Accepted (Millions),Weighted Average Yield (Annual in %),Weighted Average Price (Per 100),Issue Number,Issue Date,Country,Currency
91 DAYS,2025-08-11,4000.0,10336.13,10287.87,8.3815,97.9531,2629/091,2025-05-12,Kenya,Kshs
182 DAYS,2025-11-10,10000.0,20829.84,20782.88,8.601,95.8876,2603/182,2025-05-12,Kenya,Kshs
364 DAYS,2026-05-11,10000.0,21502.16,19642.88,10.0098,90.9237,2557/364,2025-05-12,Kenya,Kshs
Tenor,Maturity Date,Amount Offered (Millions),Bids Received (Millions),Total Amount Accepted (Millions),Weighted Average Yield (Annual in %),Weighted Average Price (Per 100),Issue Number,Issue Date,Country,Currency
91 DAYS,2025-10-27,4000.0,16233.31,16197.91,8.1168,98.0165,2640/091,2025-07-28,Kenya,Kshs
182 DAYS,2026-01-26,10000.0,3196.38,3174.68,8.4186,95.9713,2614/182,2025-07-28,Kenya,Kshs
364 DAYS,2026-07-27,10000.0,20587.96,6143.89,9.7193,91.1638,2568/364,2025-07-28,Kenya,Kshs
Tenor,Maturity Date,Amount Offered (Millions),Bids Received (Millions),Total Amount Accepted (Millions),Weighted Average Yield (Annual in %),Weighted Average Price (Per 100),Issue Number,Issue Date,Country,Currency
91 DAYS,2025-08-18,4000.0,8088.84,8070.44,8.3699,97.9559,2630/091,2025-05-19,Kenya,Kshs
182 DAYS,2025-11-17,10000.0,5356.24,5320.83,8.5831,95.8959,2604/182,2025-05-19,Kenya,Kshs
364 DAYS,2026-05-18,10000.0,29680.72,24020.77,10.0022,90.9299,2558/364,2025-05-19,Kenya,Kshs
Tenor,Maturity Date,Amount Offered (Millions),Bids Received (Millions),Total Amount Accepted (Millions),Weighted Average Yield (Annual in %),Weighted Average Price (Per 100),Issue Number,Issue Date,Country,Currency
91 DAYS,2025-11-17,4000.0,4927.44,4910.92,8.0107,98.0419,2643/091,2025-08-18,Kenya,Kshs
182 DAYS,2026-02-16,10000.0,7456.56,7456.56,8.1195,96.1089,2617/182,2025-08-18,Kenya,Kshs
364 DAYS,2026-08-17,10000.0,10796.19,10792.6,9.5824,91.2774,2571/364,2025-08-18,Kenya,Kshs
Tenor,Maturity Date,Amount Offered (Millions),Bids Received (Millions),Total Amount Accepted (Millions),Weighted Average Yield (Annual in %),Weighted Average Price (Per 100),Issue Number,Issue Date,Country,Currency
91 DAYS,2025-01-27,4000.0,34228.16,19345.23,14.4321,96.5268,2601/091,2024-10-28,Kenya,Kshs
182 DAYS,2025-04-28,10000.0,28147.21,10934.24,15.1467,92.9778,2574/182,2024-10-28,Kenya,Kshs
364 DAYS,2025-10-27,10000.0,23384.15,11476.72,15.4691,86.6351,2528/364,2024-10-28,Kenya,Kshs
Tenor,Maturity Date,Amount Offered (Millions),Bids Received (Millions),Total Amount Accepted (Millions),Weighted Average Yield (Annual in %),Weighted Average Price (Per 100),Issue Number,Issue Date,Country,Currency
91 DAYS,2025-12-01,4000.0,19969.98,19878.57,7.9999,98.0445,2645/091,2025-09-01,Kenya,Kshs
182 DAYS,2026-03-02,10000.0,1804.38,1782.88,8.05,96.1409,2619/182,2025-09-01,Kenya,Kshs
364 DAYS,2026-08-31,10000.0,10254.91,10250.6,9.5691,91.2884,2573/364,2025-09-01,Kenya,Kshs
Tenor,Maturity Date,Amount Offered (Millions),Bids Received (Millions),Total Amount Accepted (Millions),Weighted Average Yield (Annual in %),Weighted Average Price (Per 100),Issue Number,Issue Date,Country,Currency
91 DAYS,2025-02-03,4000.0,15007.98,7366.03,13.9656,96.6353,2602/091,2024-11-04,Kenya,Kshs
182 DAYS,2025-05-05,10000.0,23241.04,5783.01,14.5233,93.2473,2575/182,2024-11-04,Kenya,Kshs
364 DAYS,2025-11-03,10000.0,23917.48,14990.38,14.9684,87.0115,2529/364,2024-11-04,Kenya,Kshs
Tenor,Maturity Date,Amount Offered (Millions),Bids Received (Millions),Total Amount Accepted (Millions),Weighted Average Yield (Annual in %),Weighted Average Price (Per 100),Issue Number,Issue Date,Country,Currency
91 DAYS,2026-06-22,4000.0,14452.57,13442.81,7.5679,98.1481,2674/091,2026-03-23,Kenya,Kshs
182 DAYS,2026-09-21,10000.0,10296.32,9839.22,7.8399,96.2379,2648/182,2026-03-23,Kenya,Kshs
364 DAYS,2027-03-22,10000.0,10512.24,5792.33,8.3445,92.3177,2603/364,2026-03-23,Kenya,Kshs
Tenor,Maturity Date,Amount Offered (Millions),Bids Received (Millions),Total Amount Accepted (Millions),Weighted Average Yield (Annual in %),Weighted Average Price (Per 100),Issue Number,Issue Date,Country,Currency
91 DAYS,2025-07-21,4000.0,2088.89,2083.36,8.4699,97.932,2626/091,2025-04-21,Kenya,Kshs
182 DAYS,2025-10-20,10000.0,8802.62,7710.37,8.7585,95.8155,2600/182,2025-04-21,Kenya,Kshs
364 DAYS,2026-04-20,10000.0,27527.83,26569.53,10.0712,90.8731,2554/364,2025-04-21,Kenya,Kshs
Tenor,Maturity Date,Amount Offered (Millions),Bids Received (Millions),Total Amount Accepted (Millions),Weighted Average Yield (Annual in %),Weighted Average Price (Per 100),Issue Number,Issue Date,Country,Currency
91 DAYS,2025-03-10,4000.0,18927.94,18906.52,10.4564,97.4593,2607/091,2024-12-09,Kenya,Kshs
182 DAYS,2025-06-09,10000.0,6763.58,6707.74,10.5485,95.003,2580/182,2024-12-09,Kenya,Kshs
364 DAYS,2025-12-08,10000.0,16621.92,16600.92,11.9673,89.338,2535/364,2024-12-09,Kenya,Kshs
Tenor,Maturity Date,Amount Offered (Millions),Bids Received (Millions),Total Amount Accepted (Millions),Weighted Average Yield (Annual in %),Weighted Average Price (Per 100),Issue Number,Issue Date,Country,Currency
91 DAYS,2025-07-07,4000.0,11180.54,11150.22,8.6294,97.8939,2624/091,2025-04-07,Kenya,Kshs
182 DAYS,2025-10-06,10000.0,4494.61,4475.57,9.035,95.6891,2598/182,2025-04-07,Kenya,Kshs
364 DAYS,2026-04-06,10000.0,25011.5,24921.88,10.3865,90.6141,2552/364,2025-04-07,Kenya,Kshs
Tenor,Maturity Date,Amount Offered (Millions),Bids Received (Millions),Total Amount Accepted (Millions),Weighted Average Yield (Annual in %),Weighted Average Price (Per 100),Issue Number,Issue Date,Country,Currency
91 DAYS,2025-11-10,4000.0,3987.65,3972.33,8.0799,98.0253,2642/091,2025-08-11,Kenya,Kshs
182 DAYS,2026-02-09,10000.0,7411.17,7411.17,8.1732,96.0842,2616/182,2025-08-11,Kenya,Kshs
364 DAYS,2026-08-10,10000.0,12022.65,11860.72,9.713,91.169,2570/364,2025-08-11,Kenya,Kshs
Tenor,Maturity Date,Amount Offered (Millions),Bids Received (Millions),Total Amount Accepted (Millions),Weighted Average Yield (Annual in %),Weighted Average Price (Per 100),Issue Number,Issue Date,Country,Currency
91 DAYS,2024-09-23,4000.0,5918.24,5083.77,15.9716,96.1705,2583/091,2024-06-24,Kenya,Kshs
182 DAYS,2024-12-23,10000.0,3932.99,3856.4,16.7379,92.2969,2556/182,2024-06-24,Kenya,Kshs
364 DAYS,2025-06-23,10000.0,4553.01,4448.52,16.7545,85.6835,2510/364,2024-06-24,Kenya,Kshs
Tenor,Maturity Date,Amount Offered (Millions),Bids Received (Millions),Total Amount Accepted (Millions),Weighted Average Yield (Annual in %),Weighted Average Price (Per 100),Issue Number,Issue Date,Country,Currency
91 DAYS,2024-08-05,4000.0,10103.16,9977.11,15.8652,96.1951,2576/091,2024-05-06,Kenya,Kshs
182 DAYS,2024-11-04,10000.0,5203.82,5195.56,16.4875,92.4034,2549/182,2024-05-06,Kenya,Kshs
364 DAYS,2025-05-05,10000.0,10660.71,10660.71,16.4952,85.8738,2503/364,2024-05-06,Kenya,Kshs
Tenor,Maturity Date,Amount Offered (Millions),Bids Received (Millions),Total Amount Accepted (Millions),Weighted Average Yield (Annual in %),Weighted Average Price (Per 100),Issue Number,Issue Date,Country,Currency
91 DAYS,2026-07-13,4000.0,7977.68,7961.71,7.4,98.1885,2677/091,2026-04-13,Kenya,Kshs
182 DAYS,2026-10-12,10000.0,10853.24,10853.24,7.8293,96.2428,2651/182,2026-04-13,Kenya,Kshs
364 DAYS,2027-04-12,10000.0,5720.57,5715.11,8.27,92.381,2606/364,2026-04-13,Kenya,Kshs
Tenor,Maturity Date,Amount Offered (Millions),Bids Received (Millions),Total Amount Accepted (Millions),Weighted Average Yield (Annual in %),Weighted Average Price (Per 100),Issue Number,Issue Date,Country,Currency
91 DAYS,2024-10-21,4000.0,10882.53,9824.66,16.0215,96.159,2587/091,2024-07-22,Kenya,Kshs
182 DAYS,2025-01-20,10000.0,7264.9,6084.98,16.8521,92.2484,2560/182,2024-07-22,Kenya,Kshs
364 DAYS,2025-07-21,10000.0,2836.87,2832.41,16.8971,85.5792,2514/364,2024-07-22,Kenya,Kshs
Tenor,Maturity Date,Amount Offered (Millions),Bids Received (Millions),Total Amount Accepted (Millions),Weighted Average Yield (Annual in %),Weighted Average Price (Per 100),Issue Number,Issue Date,Country,Currency
91 DAYS,2025-04-14,4000.0,13324.99,9425.51,9.5935,97.6641,2612/091,2025-01-13,Kenya,Kshs
182 DAYS,2025-07-14,10000.0,9711.25,9682.15,10.0253,95.2391,2586/182,2025-01-13,Kenya,Kshs
364 DAYS,2026-01-12,10000.0,10107.47,5350.21,11.3342,89.8447,2540/364,2025-01-13,Kenya,Kshs
Tenor,Maturity Date,Amount Offered (Millions),Bids Received (Millions),Total Amount Accepted (Millions),Weighted Average Yield (Annual in %),Weighted Average Price (Per 100),Issue Number,Issue Date,Country,Currency
91 DAYS,2026-03-23,4000.0,3568.62,3568.62,7.7749,98.0985,2661/091,2025-12-22,Kenya,Kshs
182 DAYS,2026-06-22,10000.0,1392.17,1387.63,7.8,96.2563,2635/182,2025-12-22,Kenya,Kshs
364 DAYS,2026-12-21,10000.0,11185.75,11183.58,9.2287,91.5722,2590/364,2025-12-22,Kenya,Kshs
Tenor,Maturity Date,Amount Offered (Millions),Bids Received (Millions),Total Amount Accepted (Millions),Weighted Average Yield (Annual in %),Weighted Average Price (Per 100),Issue Number,Issue Date,Country,Currency
91 DAYS,2025-09-22,4000.0,3745.85,3733.22,8.1687,98.0041,2635/091,2025-06-23,Kenya,Kshs
182 DAYS,2025-12-22,10000.0,2611.35,2551.9,8.4761,95.9449,2609/182,2025-06-23,Kenya,Kshs
364 DAYS,2026-06-22,10000.0,21038.02,17728.22,9.7388,91.1476,2563/364,2025-06-23,Kenya,Kshs
Tenor,Maturity Date,Amount Offered (Millions),Bids Received (Millions),Total Amount Accepted (Millions),Weighted Average Yield (Annual in %),Weighted Average Price (Per 100),Issue Number,Issue Date,Country,Currency
91 DAYS,2026-03-30,4000.0,2414.55,2408.69,7.7281,98.1097,2662/091,2025-12-29,Kenya,Kshs
182 DAYS,2026-06-29,10000.0,712.01,712.01,7.8,96.2563,2636/182,2025-12-29,Kenya,Kshs
364 DAYS,2026-12-28,10000.0,2284.27,2284.27,9.2109,91.5871,2591/364,2025-12-29,Kenya,Kshs
Tenor,Maturity Date,Amount Offered (Millions),Bids Received (Millions),Total Amount Accepted (Millions),Weighted Average Yield (Annual in %),Weighted Average Price (Per 100),Issue Number,Issue Date,Country,Currency
91 DAYS,2025-12-29,4000.0,1621.59,1543.79,7.9143,98.065,2649/091,2025-09-29,Kenya,Kshs
182 DAYS,2026-03-30,10000.0,1939.33,1927.07,7.9851,96.1709,2623/182,2025-09-29,Kenya,Kshs
364 DAYS,2026-09-28,10000.0,11532.1,11510.14,9.533,91.3185,2577/364,2025-09-29,Kenya,Kshs
Tenor,Maturity Date,Amount Offered (Millions),Bids Received (Millions),Total Amount Accepted (Millions),Weighted Average Yield (Annual in %),Weighted Average Price (Per 100),Issue Number,Issue Date,Country,Currency
91 DAYS,2025-06-09,4000.0,23950.17,23932.25,8.9228,97.8238,2620/091,2025-03-10,Kenya,Kshs
182 DAYS,2025-09-08,10000.0,12439.97,7166.07,9.1509,95.6362,2594/182,2025-03-10,Kenya,Kshs
364 DAYS,2026-03-09,10000.0,14169.0,11413.18,10.4967,90.524,2548/364,2025-03-10,Kenya,Kshs
